fragment_ID,DW.clean.g,DW.wax.g,BW.wax.g,Temperature.C,Page.Num,Notes
3968,30.623,31.878,16.157,20.12,page71,
3847,6.586,6.957,3.355,20.17,page71,
3841,9.697,10.219,5.031,20.18,page71,
3834,5.734,6.162,2.887,20.08,page71,"duplicated, page 71"
3762,19.077,19.798,11.267,20.07,page71,
3771,7.107,7.48,4.052,20.11,page71,
3743,12.218,12.984,6.468,20.14,page71,
3613,12.933,13.652,5.708,20.11,page71,
3685,4.941,5.297,2.576,20.08,page71,"duplicated, page 71"
3700,8.59,9.105,4.819,20.08,page71,
3684,13.768,14.389,7.594,20.05,page71,
3692,14.431,15.212,6.733,20.05,page71,
3617,10.723,11.344,6.026,20.02,page71,
3694,7.998,8.446,4.445,20.01,page71,
3695,7.003,7.496,5.627,20.16,page71,outlier
3833,5.971,6.288,3.27,20.19,page71,
3760,1.513,1.622,0.814,20.2,page71,
3759,3.752,4.011,2.034,19.98,page71,
3749,2.538,2.809,1.324,20,page71,
3708,7.033,7.457,2.733,20.02,page71,
3606,10.729,11.233,5.544,20.02,page71,
3882,2.13,2.286,1.245,20.05,page71,
3557,18.603,19.471,9.832,20.06,page71,
3712,9.343,9.822,4.96,20.08,page71,
3594,5.825,6.06,3.261,20.12,page71,
3842,10.439,10.97,5.114,20.13,page71,
3837,8.11,8.486,4.6,20.14,page71,
3611,14.995,15.544,7.511,20.17,page71,
3880,17.527,18.4,8.603,20.11,page71,
3686,6.017,6.41,3.298,20.09,page71,
3756,5.043,5.318,2.88,20.09,page71,
3697,3.408,3.679,1.81,20.08,page71,
3844,6.994,7.379,3.609,20.05,page71,
3693,7.85,8.385,3.054,20.05,page71,
3641,23.024,23.821,12.929,20.02,page71,
3849,13.322,14.191,7.488,20,page71,
3753,12.632,13.178,6.386,19.97,page72,
3754,6.615,7.129,2.987,19.99,page72,
3531,16.257,16.821,8.424,20.01,page72,
3736,18.081,18.785,8.308,20.02,page72,
3637,12.002,12.588,7.136,20.03,page72,"duplicated, page 72"
3886,14.677,15.407,8.131,20.04,page72,
3539,18.488,19.263,8.821,20.06,page72,
3765,13.139,13.793,7.307,20.07,page72,
3685,8.47,8.965,4.824,20.09,page72,"duplicated, page 72"
3623,6.535,6.972,3.638,20.08,page72,
3726,16.87,17.541,9.245,20.09,page72,
3735,18.344,18.955,8.777,20.1,page72,
3624,5.77,6.153,2.918,20.12,page72,
3625,10.26,10.725,5.588,20.01,page72,
3829,12.688,13.439,6.828,20.05,page72,
3632,6.997,7.541,3.371,20.04,page72,
3608,5.834,6.143,3.502,20.01,page72,
3591,2.436,2.6,1.29,20.01,page72,
3647,12.489,13.36,5.913,20.04,page72,
3719,6.805,7.294,3.546,20.05,page72,
3553,9.741,10.301,5.127,20.01,page72,
3701,8.966,9.306,5.02,20.08,page72,
3614,9.196,9.6,4.356,20.08,page72,
3782,14.282,15.025,8.238,20.04,page72,
3877,11.065,11.682,6.211,20.03,page72,
3559,13.859,14.409,6.691,20.03,page72,
3813,10.485,11.126,5.582,20.05,page72,
3752,13.754,14.385,6.769,20.07,page72,
3852,19.291,20.082,10.332,20.08,page72,
3868,5.452,5.771,2.987,20.05,page72,
3705,7.432,7.931,3.328,20.03,page72,
3935,13.741,14.41,7.633,20.02,page72,
3871,10.013,10.471,5.637,20.01,page72,
3683,11.45,11.979,6.387,20.02,page72,
3938,2.397,2.523,1.221,20.03,page72,
3875,7.749,8.105,3.712,20.05,page72,
3716,1.864,2.031,0.935,20.01,page73,
3757,24.206,25.327,13.482,20.01,page73,
3838,6.482,6.783,3.623,20.04,page73,"duplicated, page 73"
3552,15.659,16.385,8.352,20.05,page73,
3859,13.605,14.326,7.971,20.03,page73,
3879,18.512,19.322,9.515,19.99,page73,
3878,7.179,7.596,3.901,20.03,page73,
3761,8.986,9.504,5.056,20.03,page73,
3610,12.953,13.857,7.142,20.05,page73,
3603,20.545,21.233,11.084,20.06,page73,
3741,13.137,13.72,7.367,20.08,page73,
3605,18.907,19.672,10.757,20,page73,
3766,8.89,9.254,4.962,20.03,page73,
3866,3.426,3.63,1.901,20.03,page73,
3556,7.315,7.735,3.493,20.05,page73,
3628,10.866,11.461,5.714,20.05,page73,
3626,13.044,13.741,7.331,20.07,page73,
3785,12.878,13.467,7.003,20.09,page73,
3803,9.433,9.872,5.376,20.04,page73,
3802,13.327,14.097,7.126,20.04,page73,
3706,13.642,14.346,7.526,20.03,page73,
3551,4.303,4.537,1.957,20.02,page73,
3887,4.64,4.882,2.469,20.03,page73,
3601,2.595,2.783,1.413,20.04,page73,
3602,16.761,17.614,9.755,20.06,page73,
3869,11.968,12.425,7.17,20.06,page73,
3814,6.667,6.98,3.597,20.07,page73,
3738,11.389,11.924,5.643,20,page73,
3840,12.697,13.243,7.079,20.02,page73,
3873,4.023,4.288,2.199,20.05,page73,
3621,17.642,18.397,9.461,20.06,page73,
3636,5.097,5.409,2.556,20.07,page73,
3612,9.581,10.209,4.343,20.08,page73,
3717,15.263,16.108,8.295,20.04,page73,
3881,11.958,12.594,5.582,20.03,page73,
3436,13.258,13.815,7.071,20.04,page73,"duplicated, page 73"
3630,12.203,12.88,6.16,20.06,page74,
3853,5.619,5.943,3.199,20.07,page74,
3826,9.554,10.074,4.497,20.08,page74,
3558,6.392,6.803,3.147,20.03,page74,
3549,18.449,19.023,9.011,20.03,page74,
3714,15.133,15.77,8.002,20.02,page74,
3724,15.633,16.35,8.22,20.01,page74,
3867,11.306,11.696,6.37,19.99,page74,
3688,3.89,4.103,1.982,20.02,page74,
3792,8.856,9.206,4.757,20.03,page74,
3772,4.828,5.06,2.632,20.03,page74,
3928,12.511,13.03,6.98,20.04,page74,
3637,9.671,10.224,5.308,20.06,page74,"duplicated, page74"
3858,0.711,0.817,0.373,20.06,page74,
3609,8.679,9.125,4.631,20.08,page74,
3534,13.252,14.015,7.175,20.08,page74,
3640,11.409,12.232,5.582,20.03,page74,
3604,9.96,10.461,5.095,20.01,page74,
3917,12.42,12.976,6.576,19.99,page74,
3560,8.336,8.88,4.328,19.97,page74,
3855,3.763,4.027,1.968,20.01,page74,
3794,3.438,3.65,1.933,20.02,page74,
3786,6.688,6.981,3.845,20.03,page74,
3769,7.317,7.742,3.548,20.04,page74,
3537,3.795,4.029,2.096,20.05,page74,
3649,8.892,9.397,4.157,20.06,page74,
3843,5.226,5.516,2.784,20.07,page74,
3607,14.991,16.006,7.596,20.08,page74,
3773,13.538,14.067,7.5,20.09,page74,
3896,8.805,9.244,4.603,20.1,page74,
3532,3.262,3.425,1.792,20.06,page74,
3718,5.002,5.39,1.948,20.04,page74,
3707,6.904,7.248,3.578,20.02,page74,
3596,3.464,3.666,1.898,20.01,page74,
3631,4.671,4.965,2.607,19.98,page74,
3885,6.121,6.407,3.564,20.01,page74,
3593,9.011,9.508,4.349,20.05,page75,
3838,6.228,6.55,3.018,20.06,page75,duplicated page75
3703,3.656,4.019,1.346,20.06,page75,
3831,8.652,9,4.776,20.07,page75,
3830,3.487,3.732,1.848,20.08,page75,
3941,6.703,7.217,3.696,20.08,page75,
3798,9.432,9.93,5.343,20.03,page75,
3555,8.686,9.069,4.474,20.01,page75,
3779,12.97,13.62,7.13,19.98,page75,
3648,7.829,8.307,4.308,19.99,page75,
3774,3.794,4.035,2.094,20.01,page75,
3732,25.008,26.149,12.555,20.06,page75,
3811,12.197,12.797,5.846,20.07,page75,
3750,3.052,3.205,1.652,20.07,page75,
3533,6.435,6.816,2.357,20.08,page75,
3715,15,15.635,8.339,20.08,page75,
3650,10.125,10.564,5.501,19.99,page75,
3820,5.14,5.426,2.638,19.97,page75,
3731,18.167,18.85,10.245,20.08,page75,
3832,12.461,12.919,7.031,20.03,page75,
3799,12.975,13.585,6.665,20.01,page75,
3704,11.056,11.626,5.932,19.99,page75,
3659,12.565,13.121,6.46,19.97,page75,duplicated page75
3646,8.658,9.193,3.748,20,page75,
3713,1.454,1.566,0.804,20.01,page75,
3767,5.972,6.41,2.914,20.03,page75,
3793,11.475,11.926,5.999,20.04,page75,
3633,1.581,1.733,0.627,20.05,page75,
3702,5.586,6.045,2.586,20.1,page75,
3622,13.33,13.959,6.934,20.11,page75,
3629,7.922,8.324,4.331,20.12,page75,
3930,12.179,12.648,5.915,20.08,page75,
3883,5.944,6.329,2.71,20.08,page75,
3725,17.006,17.688,10.121,20.07,page75,
3863,12.602,13.4,6.235,20.05,page75,
3848,8.515,9.015,4.706,20,page75,
3542,4.846,5.175,1.763,20.03,page,
3746,5.15,5.473,2.675,20.05,page,
3810,1.517,1.621,0.858,20.06,page,
3894,5.983,6.284,3.274,20.07,page,
3907,6.974,7.453,2.833,20.08,page,
3689,5.429,5.852,2.463,20.04,page,
3834,5.672,6.031,3.264,20.03,page,"duplicated, Pierrick has page"
3790,11.192,11.718,5.822,20.01,page,
3861,18.586,19.259,9.76,19.99,page,
3816,8.819,9.347,4.957,20.03,page,
3889,10.261,10.745,4.876,20.04,page,
3870,4.975,5.235,2.769,20.05,page,
3775,9.585,9.967,5.483,20.06,page,
3808,4.697,5.009,2.338,20.07,page,
3836,6.225,6.499,3.445,20.08,page,
3910,10.771,11.474,5.346,20.05,page,
3644,9.435,10.24,3.981,20.04,page,
3891,7.618,8.221,4.198,20.02,page,
3825,5.847,6.123,3.317,20.02,page,
3934,9.138,9.553,5.052,20,page,
3645,6.399,6.729,3.31,19.98,page,
3788,10.128,10.535,5.944,20.01,page,
3897,8.518,8.983,4.832,20.03,page,
3943,18.801,19.551,10.921,20.03,page,
3737,16.576,17.238,8.871,20.04,page,
3776,12.286,12.772,6.491,20,page,
3903,4.017,4.328,2.112,20.02,page,
3681,3.211,3.437,1.24,20.03,page,
3947,7.109,7.529,3.717,20.03,page,
3546,10.758,11.143,5.174,20.01,page,
3777,15.606,16.157,8.364,19.99,page,
3801,11.333,11.841,5.885,20.03,page,
3791,7.951,8.408,4.03,20.04,page,
3778,7.315,7.704,4.149,20.05,page,
3905,13.757,14.683,5.544,20.07,page,
3876,0.836,0.928,0.346,20.08,page,
3783,11.942,12.497,6.792,20.05,page84,
3797,2.827,2.959,1.68,20.04,page84,
3854,5.745,6.001,3.252,20.04,page84,
3789,9.91,10.388,5.646,20.02,page84,
3835,12.774,13.349,7.36,20,page84,
3893,7.751,8.147,4.148,19.98,page84,
3864,6.344,6.685,3.339,20.03,page84,
3780,6.346,6.717,3.552,20.04,page84,
3817,5.4,5.696,2.779,20.06,page84,
3807,8.455,8.822,4.735,20.01,page84,
3898,8.209,8.618,4.752,20.07,page84,
3892,10.931,11.528,4.278,20.09,page84,
3729,13.164,13.974,6.723,20.04,page84,
3727,9.741,10.288,4.89,20.03,page84,
3900,12.471,13.018,6.858,20,page84,
3616,9.271,9.787,4.942,20.06,page84,
3541,8.54,9.115,3.082,20.07,page84,
3925,4.64,4.875,2.086,20.08,page84,
3821,8.233,8.561,4.455,20.09,page84,
3845,2.359,2.545,1.206,20.04,page84,
3888,1.971,2.106,1.054,20.03,page84,
3913,8.218,8.691,4.791,20.02,page84,
3815,7.637,7.983,4.164,20.02,page84,
3682,4.243,4.441,2.416,20,page84,
3691,3.504,3.696,1.992,19.99,page84,
3949,3.899,4.06,2.183,20.03,page84,
3945,5.633,5.931,3.034,20.04,page84,
3916,4.344,4.564,2.56,20.05,page84,
3812,24.426,25.763,13.417,20.06,page84,
3796,17.455,18.204,9.791,20.07,page84,
3936,5.085,5.35,2.567,20.09,page84,
3933,9.292,9.853,4.372,20.04,page84,
3931,9.123,9.601,4.744,20.04,page84,
3911,14.233,15.017,7.462,20.03,page84,
3554,6.05,6.373,2.973,20.03,page84,
3927,3.244,3.545,1.22,20.02,page84,
3895,8.339,8.784,4.458,19.99,page85,
3929,4.126,4.374,2.283,20.02,page85,
3805,8.881,9.55,4.627,20.04,page85,
3822,15.656,16.394,8.583,20.04,page85,
3806,12.366,12.876,6.189,20.06,page85,
3804,9.832,10.226,5.664,20.06,page85,
3784,4.763,4.995,2.722,20.08,page85,
3824,6.788,7.099,3.976,20.08,page85,
3857,8.053,8.477,4.277,20.09,page85,
3902,0.967,1.081,0.488,20.04,page85,
3710,6.627,7.011,3.703,20.04,page85,
3781,2.795,2.926,1.46,20.02,page85,
3932,2.589,2.803,1.025,20.01,page85,
3937,12.148,12.587,6.368,20,page85,
3823,10.706,11.238,5.686,20.05,page85,
3940,8.481,8.904,4.555,20.06,page85,
3912,6.432,6.782,3.51,20.08,page85,
3800,13.304,13.889,7.293,20.07,page85,
3795,5.573,5.888,2.683,20.05,page85,
3909,9.436,10.051,5.235,20.05,page85,
3744,7.256,7.707,3.777,20.04,page85,
3728,3.456,3.674,1.603,20.03,page85,
2704,19.165,19.985,10.309,20.01,page85,
2528,13.839,14.487,6.969,20.01,page85,
2432,5.506,5.731,3.167,20.04,page85,
2394,17.844,18.487,8.887,20.04,page85,
2294,2.971,3.16,1.412,20.05,page85,
2273,4.718,5.035,2.134,20.05,page85,
2120,6.68,7,2.97,20.06,page85,
2249,7.106,7.412,3.594,20.07,page85,
2646,12.883,13.929,5.884,20.08,page85,
2804,13.448,14.02,7.078,20.08,page85,
2131,2.841,2.985,1.507,20.09,page85,
2276,5.098,5.349,2.799,20.09,page85,
2102,4.394,4.587,2.363,20.07,page85,
2381,6.282,6.595,3.455,20.07,page85,
2278,5.131,5.604,2.625,20.06,page86,
2720,7.179,7.611,3.844,20.04,page86,
2256,2.816,2.928,1.602,20.04,page86,
2260,0.388,0.422,0.232,20.07,page86,
2680,5.614,5.926,2.948,20.09,page86,
2271,4.696,4.963,2.178,20.09,page86,
2292,7.73,8.114,4.107,20.07,page86,
2104,0.787,0.848,0.446,20.05,page86,
2246,3.558,3.724,1.942,20.05,page86,
2417,5.458,5.773,2.849,20.03,page86,
2399,5.284,5.582,2.551,20.01,page86,
2650,6.255,6.624,3.438,20.01,page86,
2272,5.727,6.026,3.14,20.03,page86,
2282,5.703,6.026,2.89,20.04,page86,
2796,4.831,5.163,1.825,20.04,page86,
2405,11.889,12.306,5.885,20.05,page86,
2135,5.955,6.332,2.986,20.06,page86,
2133,4.658,4.989,2.294,20.07,page86,
2124,17.213,18.134,9.638,20.08,page86,
2388,11.021,11.523,6.073,20.09,page86,
2143,4.687,4.944,2.558,20.07,page86,
2724,7.313,7.697,3.45,20.06,page86,
2269,3.862,4.021,2.114,20.06,page86,
2289,6.343,6.633,3.224,20.05,page86,
2288,4.417,4.641,2.283,20.04,page86,
1753,0.866,0.949,0.444,20.03,page86,
2640,4.508,4.728,2.561,20.02,page86,
2302,2.832,2.998,1.652,20.02,page86,
2532,13.142,13.775,7.504,20,page86,
2534,3.556,3.813,1.837,20.03,page86,
2283,1.7,1.81,1.014,20.04,page86,
2301,2.954,3.101,1.635,20.04,page86,
2395,8.767,9.302,3.616,20.05,page86,
2682,6.788,7.222,3.588,20.06,page86,
2130,2.48,2.617,1.364,20.07,page86,
2530,6.819,7.144,3.468,20.08,page87,
2397,12.186,12.775,7.062,20.09,page87,
2409,7.731,8.159,4.101,20.07,page87,
2695,8.184,8.677,3.566,20.06,page87,
2801,17.465,18.512,9.192,20.05,page87,
2454,6.229,6.549,3.436,20.03,page87,
712,3.854,4.104,1.306,20.04,page87,
2683,5.138,5.448,2.586,20.04,page87,
2114,1.972,2.134,1.111,20.06,page87,
2703,6.247,6.516,3.362,20.06,page87,
2701,5.05,5.269,2.684,20.07,page87,
2153,2.832,2.979,1.559,20.08,page87,
2244,4.252,4.431,2.327,20.09,page87,
2279,3.298,3.444,1.747,20.06,page87,
1862,0.356,0.435,0.126,20.06,page87,
2316,5.5,5.715,3.064,20.06,page87,
2690,4.939,5.2,2.348,20.03,page87,
2396,9.253,9.87,4.489,20.02,page87,
2449,29.323,30.217,14.758,20,page87,
2694,3.142,3.378,1.484,20.04,page87,
2360,15.746,16.475,8.724,20.03,page87,
2553,5.448,5.748,2.773,20.05,page87,
2537,4.802,5.05,2.22,20.06,page87,
2386,5.441,5.701,2.575,20.07,page87,
1397,7.123,7.541,3.83,20.08,page87,
2529,3.586,3.811,1.617,20.09,page87,
2416,4.093,4.32,2.018,20.08,page87,
2697,3.019,3.2,1.497,20.07,page87,
2347,7.076,7.42,3.666,20.06,page87,
2159,2.458,2.611,1.399,20.05,page87,
2412,11.96,12.509,6.502,20.04,page87,
2109,4.109,4.329,2.383,20.03,page87,
2689,2.809,2.98,1.519,20.01,page87,
2400,7.565,7.965,4.268,20,page87,
2138,2.018,2.179,0.911,19.99,page87,
2390,10.826,11.452,5.662,20,page87,
1914,2.985,3.163,1.526,20.04,page88,
2358,1.86,2.053,0.785,20.05,page88,
2421,4.401,4.663,2.357,20.06,page88,
2145,2.405,2.546,1.375,20.07,page88,
1989,2.276,2.382,1.335,20.08,page88,"duplicated, page 88"
2151,1.737,1.877,0.998,20.08,page88,
2536,23.939,24.766,11.665,20.09,page88,
2681,11.254,11.806,5.927,20.07,page88,
2709,3.314,3.47,1.849,20.05,page88,
2243,7.381,7.704,4.142,20.04,page88,
2348,16.388,16.934,9.03,20.04,page88,
2380,6.756,7.226,3.682,20.02,page88,
2121,5.699,6.197,2.953,20.02,page88,
2150,4.5,4.688,2.321,20,page88,
2407,1.917,2.076,0.977,20,page88,
1978,2.744,2.883,1.511,20,page88,
2718,5.9,6.21,3.212,20.02,page88,
1900,5.183,5.434,2.901,20.03,page88,
2245,2.595,2.798,1.13,20.03,page88,
851,7.237,7.608,3.613,20.05,page88,
2084,0.84,0.909,0.432,20.05,page88,
621,3.342,3.598,1.432,20.06,page88,
1858,1.646,1.798,0.738,20.08,page88,
1889,4.861,5.259,2.451,20.08,page88,
2373,4.461,4.908,2.483,20.09,page88,
2637,5.097,5.426,2.915,20.09,page88,
2332,6.444,6.762,3.378,20.02,page88,
1977,2.394,2.633,1.159,20.01,page88,
2100,3.547,3.694,1.843,20,page88,
867,3.001,3.235,1.206,20.04,page88,
1892,1.285,1.369,0.701,20.06,page88,
846,1.622,1.763,0.803,20.07,page88,
726,4.056,4.256,1.958,20.08,page88,
1631,13.199,13.627,7.631,20.05,page88,
2439,5.675,5.999,2.258,20.03,page88,
1941,4.361,4.744,1.882,20.02,page88,
2157,3.814,3.94,2.236,20.01,page89,
2814,1.284,1.413,0.692,20.01,page89,
2635,4.061,4.237,2.345,19.99,page89,
2448,3.948,4.168,2.098,20.02,page89,
1778,3.6,3.796,1.958,20.03,page89,
2241,1.442,1.519,0.824,20.03,page89,
2699,6.492,6.761,3.674,20.04,page89,
2815,9.055,9.58,4.727,20.05,page89,
2433,4.847,5.053,2.47,20.06,page89,
2813,3.425,3.587,1.752,20.07,page89,
1722,4.749,5.248,1.853,20.08,page89,
1956,2.196,2.345,1.204,20.08,page89,
2673,3.444,3.667,1.849,20.07,page89,
1915,1.159,1.244,0.624,20.06,page89,
2255,2.849,2.997,1.58,20.06,page89,
2106,2.458,2.652,1.241,20.05,page89,
2178,6.573,6.928,3.707,20.05,page89,
670,8.348,8.902,4.542,20.03,page89,
1857,0.552,0.589,0.305,20.01,page89,
1859,1.492,1.699,0.535,20,page89,
1901,0.17,0.198,0.089,20.01,page89,
2429,3.138,3.289,1.626,20.03,page89,
2723,5.307,5.573,2.83,20.04,page89,
2111,3.48,3.712,1.982,20.05,page89,
2665,4.031,4.258,2.06,20.06,page89,
1595,4.265,4.629,1.615,20.07,page89,
1840,3.536,3.787,1.711,20.08,page89,
2794,3.925,4.095,2.13,20.08,page89,
2797,10.355,10.791,5.825,20.07,page89,
2802,18.276,19.166,9.717,20.04,page89,
2668,2.014,2.193,1.18,20.02,page89,
2675,8.279,8.895,3.635,20.03,page89,
1763,3.25,3.55,1.195,20.01,page89,
2264,3.715,3.879,1.815,19.99,page89,
679,6.883,7.451,3.494,20.01,page89,
2450,5.127,5.339,2.862,20.03,page89,
800,9.016,9.451,4.572,20.04,page90,
2072,5.638,5.916,3.109,20.03,page90,
2341,9.262,9.615,5.287,20,page90,
2451,6.349,6.875,2.762,20.02,page90,
1421,4.513,4.733,2.718,20.04,page90,
703,5.022,5.339,2.308,20.06,page90,
2634,7.632,8.035,3.485,20.02,page90,
2075,4.886,5.164,2.881,20.01,page90,
2669,2.168,2.263,1.228,20.02,page90,
2667,10.313,10.77,5.471,20.04,page90,
1802,4.336,4.688,1.922,20.05,page90,
2406,4.282,4.525,2.381,20.06,page90,
2219,18.388,19.226,10.287,20.05,page90,
2225,10.272,10.939,5.113,20.05,page90,
2674,7.323,7.842,3.168,20.03,page90,
2807,8.048,8.455,3.834,20.03,page90,
2275,13.221,13.709,6.925,20.01,page90,
2194,9.588,10.206,4.843,19.99,page90,
2340,1.916,2.05,0.907,19.99,page90,
2345,3.463,3.672,1.832,20.01,page90,
2387,2.945,3.119,1.587,20.02,page90,
2044,12.034,12.58,6.567,20.02,page90,
860,3.18,3.369,1.677,20.02,page90,
2247,4.533,4.807,2.532,20.04,page90,
693,1.885,2.009,0.956,20.04,page90,
1898,3.088,3.275,1.422,20.04,page90,
2186,6.365,6.728,3.484,20.05,page90,
843,8.772,9.27,3.749,20.06,page90,
623,9.023,9.671,4.718,20.07,page90,
2554,4.102,4.319,2.171,20.07,page90,
658,3.877,4.231,1.535,20.08,page90,
2659,12.989,13.787,7.501,20.06,page90,
2809,12.031,12.5,6.498,20.05,page90,
2729,6.652,7.024,3.417,20.05,page90,
2132,1.886,2.01,1.026,20.04,page90,
2655,4.479,4.739,2.128,20.03,page90,
2268,6.568,6.929,3.503,20.02,page91,
863,11.465,12.103,6.639,20.01,page91,
2664,4.935,5.18,2.707,20,page91,
2643,2.218,2.411,0.883,20.01,page91,
2734,5.077,5.354,2.698,20.02,page91,
2410,2.32,2.46,1.22,20.01,page91,
2190,10.079,10.439,5.904,20.03,page91,
2184,8,8.468,4.431,20.04,page91,
2354,5.281,5.507,2.987,20.04,page91,
866,10.298,11.088,4.663,20.05,page91,
1396,3.124,3.299,1.666,20.07,page91,
685,3.453,3.716,1.611,20.07,page91,
739,4.367,4.681,1.877,20.06,page91,
1867,7.398,7.698,4.106,20.06,page91,
2730,5.61,5.876,3.145,20.04,page91,
2129,7.677,8.187,3.946,20.03,page91,
2437,3.074,3.219,1.574,20.02,page91,
2411,4.608,4.881,1.938,20.02,page91,
840,4.374,4.647,2.319,20,page91,
2266,8.377,8.709,4.765,20.01,page91,
1922,0.56,0.611,0.282,20.01,page91,
2020,3.24,3.459,1.264,20.01,page91,
1995,1.212,1.293,0.64,20.03,page91,
2181,2.522,2.672,1.387,20.04,page91,
2322,3.319,3.48,1.613,20.05,page91,
1819,0.489,0.554,0.214,20.05,page91,
735,2.152,2.324,0.881,20.06,page91,
2642,4.414,4.666,2.446,20.07,page91,
2647,5.171,5.399,2.937,20.07,page91,
865,7.099,7.351,4.028,20.08,page91,
1241,0.596,0.656,0.316,20.06,page91,
2644,3.032,3.241,1.523,20.05,page91,
2361,3.533,3.752,1.808,20.05,page91,
2220,15.683,16.539,7.572,20.03,page91,
1948,2.251,2.422,1.158,20.02,page91,
1775,4.103,4.319,2.058,20.01,page91,
694,10.577,10.984,5.325,20,page92,
1813,1.708,1.845,0.85,20.02,page92,
710,4.646,4.917,2.469,20.02,page92,
2177,14.127,14.881,7.792,20.03,page92,
2679,5.987,6.37,3.158,20.04,page92,
2654,4.717,4.952,2.47,20.05,page92,
2686,7.238,7.644,3.404,20.05,page92,
2444,20.545,21.479,11.766,20.06,page92,
2661,12.426,12.925,7.274,20.07,page92,
2658,8.722,9.229,4.505,20.06,page92,
2368,8.742,9.173,4.43,20.05,page92,
725,18.677,19.511,10.23,20.05,page92,
1234,2.944,3.197,1.595,20.04,page92,
2663,9.759,10.201,5.212,20.02,page92,
1811,1.156,1.276,0.585,20.01,page92,
1682,4.038,4.439,2.05,20.02,page92,
2383,10.465,10.915,5.749,20.03,page92,
2317,8.04,8.46,3.48,20.04,page92,
2419,3.036,3.214,1.619,20.05,page92,
2201,11.84,12.298,6.65,20.06,page92,
1762,0.455,0.512,0.252,20.06,page92,
2408,4.336,4.558,2.385,20.07,page92,
2370,9.685,10.351,4.606,20.06,page92,
2248,5.918,6.178,2.994,20.05,page92,
2137,3.62,3.856,1.983,20.04,page92,
2369,5.159,5.479,2.504,20.03,page92,
2057,6.482,7.002,2.286,20.02,page92,
2447,8.763,9.197,3.801,20.01,page92,
2262,3.756,3.952,1.922,20.01,page92,
1395,4.023,4.251,2.047,20,page92,
2535,16.008,16.562,7.899,20,page92,
1409,8.184,8.644,3.644,20.01,page92,
2229,6.076,6.406,3.134,20.02,page92,
2619,4.19,4.464,2.278,20.03,page92,
1705,5.281,5.491,3.053,20.06,page92,
904,6.383,6.747,3.596,20.06,page92,
2363,8.243,8.741,4.534,20.07,page93,
2671,2.767,3.007,1.274,20.07,page93,
2349,4.489,4.785,2.463,20.06,page93,
2438,5.817,6.064,3.192,20.05,page93,
2108,4.206,4.515,2.245,20.05,page93,
2068,9.564,10.142,5.06,20.02,page93,
2404,10.048,10.37,5.537,20,page93,
2557,4.276,4.575,2.31,19.99,page93,
2700,6.283,6.605,3.338,20.01,page93,
1321,12.796,13.22,7.535,20.01,page93,
2064,6.454,6.85,3.64,20.03,page93,
1450,3.368,3.702,0.947,20.04,page93,
849,5.009,5.461,2.347,20.04,page93,
1632,2.316,2.517,0.721,20.05,page93,
2235,1.682,1.827,0.864,20.06,page93,
1704,1.283,1.386,0.744,20.07,page93,
2620,6.503,6.894,3.711,20.08,page93,
1246,2.503,2.679,1.326,20.06,page93,
1571,2.194,2.372,1.085,20.05,page93,
1834,1.376,1.491,0.774,20.03,page93,
847,13.849,14.557,6.816,20.02,page93,
664,1.948,2.083,1.069,20.01,page93,
2705,0.674,0.727,0.382,20.04,page93,
2337,4.553,4.841,2.494,20.05,page93,
2725,3.998,4.233,2.062,20.02,page93,
2706,4.188,4.401,2.382,20,page93,
1566,2.27,2.405,1.047,20.02,page93,
697,4.126,4.475,1.668,20.03,page93,
1774,1.428,1.54,0.781,20.04,page93,
1698,0.764,0.851,0.317,20.04,page93,
2031,3.276,3.529,1.282,20.06,page93,
2210,4.491,4.727,2.264,20.07,page93,
2621,4.57,4.95,1.974,20.06,page93,
2281,4.053,4.358,2.175,20.04,page93,
2330,4.829,5.063,2.494,20.04,page93,
2379,4.574,4.798,2.536,20.02,page93,
1707,1.074,1.154,0.482,20.02,page94,
1413,7.918,8.471,3.552,20.01,page94,
1401,2.894,3.098,1.485,20.01,page94,
2208,4.942,5.282,2.327,20,page94,
2391,11.112,11.647,5.65,20,page94,
2453,7.131,7.482,4.014,20.01,page94,
2070,5.264,5.615,2.519,20.02,page94,
1407,2.784,2.964,1.54,20.02,page94,
2217,3.891,4.177,1.332,20.02,page94,
1962,0.274,0.332,0.121,20.03,page94,
2365,5.936,6.239,3.251,20.05,page94,
2224,5.5,5.868,2.569,20.07,page94,
1692,5.418,5.648,2.793,20.01,page94,
653,10.097,10.728,5.569,20.02,page94,
2648,4.583,4.879,2.454,20.04,page94,
1755,3.614,3.795,1.836,20.05,page94,
2435,8.799,9.145,4.663,20.05,page94,
2430,1.951,2.078,0.922,20.06,page94,
2698,6.749,7.055,3.833,20.07,page94,
1451,3.421,3.605,1.642,20.06,page94,
2147,3.349,3.542,1.942,20.06,page94,
1400,2.854,3.021,1.662,20.05,page94,
2385,2.888,3.143,0.88,20.05,page94,
2163,8.933,9.405,4.152,20.03,page94,
688,6.646,7.055,2.895,20.01,page94,
2203,8.508,8.866,4.696,20.01,page94,
906,2.179,2.355,0.634,20.02,page94,
2027,1.433,1.559,0.615,20.06,page94,
2638,5.809,6.088,2.859,20.07,page94,
864,7.103,7.555,3.496,20.07,page94,
1391,3.024,3.214,1.566,20.08,page94,
2678,4.659,4.902,2.202,20.07,page94,
1629,4.722,4.96,2.506,20.06,page94,
2805,1.686,1.815,0.736,20.06,page94,
2222,6.653,7.023,3.34,20.06,page94,
841,11.747,12.272,6.378,20.06,page94,
2223,7.945,8.531,4.065,20.032,page95,
2556,3.876,4.075,2.244,20.03,page95,
2666,15.149,15.829,8.474,20.03,page95,
1439,1.97,2.093,1.021,20.01,page95,
1449,10.699,11.411,4.4,19.99,page95,
1435,5.096,5.318,2.168,20,page95,
1865,31.154,32.007,17.44,20.02,page95,
733,3.969,4.19,1.987,20.03,page95,
2792,11.947,12.334,7.033,20.04,page95,
1709,18.905,19.453,10.29,20.05,page95,
2443,10.24,10.762,4.924,20.06,page95,
2810,0.396,0.446,0.203,20.07,page95,
2192,2.455,2.607,1.306,20.04,page95,
1710,3.78,3.978,2.049,20.03,page95,
837,9.285,9.67,4.993,20.02,page95,
2326,5.076,5.261,2.879,20.02,page95,
2622,4.686,4.943,2.664,20.01,page95,
1838,2.468,2.722,1.023,20,page95,
2434,3.366,3.536,1.788,20.01,page95,
2641,0.059,0.074,0.028,20.02,page95,
2662,0.402,0.434,0.214,20.03,page95,
1920,1.237,1.319,0.596,20.05,page95,
2355,0.171,0.194,0.075,20.06,page95,
1967,4.808,5.109,2.35,20.07,page95,
1837,0.932,1.006,0.422,20.08,page95,
2311,0.626,0.684,0.243,20.06,page95,
1384,2.67,2.809,1.469,20.06,page95,
731,6.511,6.886,3.651,20.05,page95,
1635,4.98,5.257,2.81,20.04,page95,
2101,3.935,4.137,1.911,20.03,page95,
2209,5.697,6.103,2.199,20.03,page95,
2214,9.745,10.251,5.011,20.01,page95,
1782,1.239,1.23,0.544,20.02,page95,
1609,1.985,2.107,0.936,20,page95,
2032,1.489,1.607,0.791,19.99,page95,
2076,6.956,7.29,3.947,19.99,page95,
2155,1.517,1.654,0.644,20.01,page96,
2200,6.079,6.356,3.057,20.01,page96,
2384,2.28,2.451,1.211,20.02,page96,
713,1.235,1.318,0.669,20.03,page96,
659,4.034,4.213,2.084,20.04,page96,
1961,1.522,1.631,0.724,20.05,page96,
1403,1.241,1.335,0.555,20.05,page96,
2639,4.683,4.937,2.469,20.07,page96,
2063,3.734,3.935,1.867,20.06,page96,
1385,1.963,2.092,1.039,20.05,page96,
2232,4.069,4.382,1.911,20.05,page96,
729,1.033,1.083,0.584,20.06,page96,
1617,0.666,0.743,0.25,20.04,page96,
1386,1.702,1.83,0.877,20.04,page96,
1358,0.127,0.157,0.053,20.01,page96,
676,6.921,7.172,3.764,20.02,page96,
2267,5.242,5.481,3.004,20.02,page96,
2179,3.111,3.268,1.675,20.03,page96,
1949,3.878,4.065,2.016,20.04,page96,
1453,11.577,12.053,6.035,20.04,page96,
1235,1.819,1.939,0.953,20.05,page96,
2054,4.537,4.779,2.4,20.05,page96,
1757,2.245,2.418,0.923,20.06,page96,
2021,0.514,0.562,0.285,20.07,page96,
1630,5.748,6.06,2.032,20.06,page96,
2197,3.619,3.84,1.971,20.07,page96,
1808,6.146,6.474,3.3,20.03,page96,
2046,2.987,3.134,1.447,20.01,page96,
1504,2.003,2.196,0.867,19.99,page96,
2183,2.445,2.613,1.168,20,page96,
1511,6.67,7.234,2.87,20,page96,
2211,0.866,0.941,0.467,20,page96,
730,0.703,0.768,0.336,20.01,page96,
672,0.824,0.927,0.263,20.02,page96,
1565,0.755,0.902,0.339,20.02,page96,
690,1.093,1.24,0.258,20.03,page96,
722,7.418,7.785,3.909,20.04,page97,
845,1.671,1.822,0.748,20.05,page97,
2107,1.24,1.372,0.672,20.05,page97,
2367,8.463,8.937,3.712,20.07,page97,
842,10.495,11.057,5.06,20.07,page97,
2424,4.766,4.967,2.41,20.06,page97,
700,2.45,2.614,0.784,20.06,page97,
1350,2.435,2.619,1.119,20.04,page97,
1639,2.823,3.053,1.308,20.04,page97,
2291,1.92,2.064,0.987,20.03,page97,
1773,2.198,2.355,1.102,20.03,page97,
2205,4.407,4.656,2.338,20.02,page97,
734,3.59,3.981,1.358,20.01,page97,
625,3.786,3.967,2.041,20,page97,
1855,0.673,0.732,0.368,20,page97,
699,5.165,5.387,2.916,20.01,page97,
2293,1.521,1.627,0.72,20.01,page97,
687,1.367,1.474,0.573,20.02,page97,
1777,3.29,3.531,1.68,20.02,page97,
2402,4.314,4.597,2.394,20.03,page97,
2252,4.527,4.766,2.525,20.04,page97,
1676,5.436,5.76,2.835,20.04,page97,
2216,4.959,5.278,2.728,20.05,page97,
2007,1.315,1.389,0.666,20.06,page97,
2816,9.44,10.101,4.31,20.06,page97,
714,6.639,6.935,3.641,20.07,page97,
2052,12.432,13.017,6.483,20.07,page97,
2555,0.413,0.441,0.231,20.05,page97,
681,4.563,4.858,2.245,20.04,page97,
2171,5.437,5.747,2.098,20.04,page97,
2803,4.297,4.476,2.419,20.02,page97,
1236,5.905,6.188,2.984,20,page97,
1885,0.472,0.54,0.228,20,page97,
2198,1.32,1.415,0.681,20.01,page97,
868,2.415,2.571,0.979,20.01,page97,
854,0.565,0.628,0.261,20.03,page97,
2206,4.682,4.926,2.615,20.05,page98,
661,2.632,2.827,1.117,20.06,page98,
852,1.105,1.205,0.505,20.01,page98,
2036,3.677,3.868,1.951,20,page98,
691,3.334,3.526,1.688,20,page98,
1826,2.169,2.415,0.765,20.01,page98,
832,2.587,2.824,0.91,20.01,page98,
859,1.255,1.348,0.684,20.02,page98,
2049,4.579,4.876,1.764,20.03,page98,
1594,0.497,0.559,0.148,20.04,page98,
612,1.148,1.248,0.484,20.04,page98,
1232,13.849,14.467,6.456,20.06,page98,
2185,2.783,2.945,1.671,20.07,page98,
1703,1.39,1.512,0.85,20.07,page98,
715,7.675,8.081,3.731,20.07,page98,
2287,3.021,3.185,1.599,20.06,page98,
1351,1.333,1.437,0.671,20.05,page98,
1394,6.376,6.687,3.647,20.03,page98,
2110,4.23,4.473,2.233,20.02,page98,
1545,5.937,6.294,2.699,20.01,page98,
1432,6.942,7.351,3.826,20,page98,
2350,7.768,8.279,3.979,19.99,page98,
1402,5.25,5.505,2.541,19.99,page98,
2073,4.46,4.691,2.378,19.99,page98,
1399,1.903,2.013,1.09,20,page98,
1748,4.554,4.747,2.516,20,page98,
1430,1.31,1.406,0.738,20.02,page98,
1496,5.824,6.117,3.141,20.02,page98,
1393,1.506,1.611,0.722,20.03,page98,
1625,1.037,1.116,0.507,20.04,page98,
2636,6.102,6.553,3.541,20.06,page98,
695,2.305,2.423,1.295,20.07,page98,
1392,4.938,5.168,2.896,20.06,page98,
682,1.797,1.91,0.858,20.06,page98,
1415,2.716,2.9,1.192,20.06,page98,
708,1.661,1.742,0.839,20.05,page98,
669,7.496,7.926,2.958,20.05,page99,
1717,4.487,4.716,2.582,20.05,page99,
2058,1.821,1.848,1.007,20.04,page99,
844,5.143,5.448,1.781,20.03,page99,
2170,2.464,2.593,1.469,20.02,page99,
2677,4.86,5.098,2.514,20.01,page99,
2040,3.46,3.648,1.613,20.01,page99,
1638,1.936,2.081,0.719,20,page99,
2353,4.89,5.136,2.527,19.98,page99,
663,0.171,0.196,0.076,20.01,page99,
2623,0.137,0.167,0.079,20.02,page99,
2325,1.122,1.223,0.584,20.04,page99,
2218,9.548,10.021,5.453,20.04,page99,
2213,3.876,4.082,2.116,20.06,page99,
750,0.15,0.195,0.046,20.06,page99,
2204,3.954,4.117,2.293,20.05,page99,
901,3.006,3.245,1.416,20.06,page99,
1418,1.511,1.62,0.821,20.06,page99,
705,0.611,0.68,0.219,20.04,page99,
1497,1.864,2.014,1.021,20.03,page99,
2356,2.678,2.845,1.478,20.03,page99,
724,7.085,7.407,3.714,20.02,page99,
1505,0.282,0.312,0.124,20,page99,
1943,0.65,0.722,0.255,20.01,page99,
2436,2.093,2.182,1.235,20.01,page99,
2299,0.823,0.901,0.342,20.02,page99,
2022,0.87,0.944,0.453,20.04,page99,
2398,8.086,8.473,4.313,20.05,page99,
1417,2.012,2.161,0.97,20.05,page99,
2050,1.446,1.546,0.686,20.05,page99,"duplicated, page 99"
2176,2.554,2.713,1.294,20.06,page99,
1548,1.845,1.95,0.82,20.07,page99,
1928,1.57,1.636,0.855,20.06,page99,
2393,5.267,5.529,2.965,20.05,page99,
1754,4.524,4.828,2.196,20.05,page99,
1833,3.088,3.263,1.645,20.05,page100,
1660,1.65,1.744,0.833,20.04,page100,
1640,1.397,1.508,0.717,20.03,page100,
2066,3.562,3.755,1.969,20.03,page100,
839,8.084,8.469,4.493,20.02,page100,
1721,0.152,0.186,0.058,20.02,page100,
1495,1.345,1.428,0.702,20.01,page100,
1242,3.338,3.506,1.87,20.01,page100,
1554,0.608,0.644,0.329,20.01,page100,
2173,2.775,2.96,0.904,20.02,page100,
1718,1.81,1.91,1.025,20.02,page100,
689,2.294,2.432,1.035,20.03,page100,
1620,0.746,0.795,0.391,20.04,page100,
1853,1.541,1.636,0.809,20.04,page100,
1582,0.365,0.414,0.168,20.05,page100,
2712,4.691,4.914,2.143,20.07,page100,
2685,6.437,6.796,3.055,20.06,page100,
905,4.658,4.876,2.659,20.06,page100,
2670,3.724,3.903,2.027,20.05,page100,
1679,0.65,0.7,0.314,20.05,page100,
1517,0.023,0.032,0.015,20.05,page100,
1445,2.047,2.177,1.143,20.03,page100,
2428,3.5,3.716,2.008,20.02,page100,
1356,3.165,3.392,1.522,20.02,page100,
1600,1.633,1.754,0.819,20.01,page100,
1719,0.788,0.843,0.357,20,page100,
848,2.075,2.196,1.08,20.01,page100,
622,1.84,1.951,1.03,20.01,page100,
1239,0.326,0.367,0.127,20.01,page100,
861,1.428,1.524,0.787,20.02,page100,
1518,0.92,0.997,0.498,20.03,page100,
1442,2.661,2.777,1.358,20.04,page100,
1618,0.809,0.863,0.45,20.05,page100,
1404,2.134,2.293,1.042,20.05,page100,
696,0.601,0.652,0.304,20.05,page100,
1579,0.264,0.295,0.137,20.04,page100,
1966,2.247,2.512,0.926,20.03,page101,
2059,3.885,4.095,1.71,20.02,page101,
2442,0.8,0.881,0.457,20,page101,
1701,5.1,5.457,2.337,20,page101,
2078,7.546,8.035,3.501,20.01,page101,
1964,1.079,1.165,0.466,20.02,page101,
2060,5.362,5.675,3.021,20.02,page101,
1567,1.471,1.574,0.807,20.03,page101,
2080,5.596,5.969,2.492,20.03,page101,
62000,2.139,2.261,0.944,20.04,page101,"duplicated, page 101"
1317,2.722,2.915,1.166,20.06,page101,
1985,2.921,3.071,1.495,20.07,page101,
2069,0.713,0.773,0.368,20.06,page101,
2088,1.383,1.49,0.706,20.05,page101,
2800,3.835,4.052,1.955,20.05,page101,
660,0.995,1.089,0.524,20.05,page101,
1440,4.655,4.884,2.624,20.05,page101,
2342,2.202,2.36,0.934,20.04,page101,
2215,2.685,2.854,1.135,20.03,page101,
2333,2.699,2.872,1.33,20.03,page101,
1603,0.671,0.773,0.326,20,page101,
1438,2.973,3.19,1.255,20.01,page101,
2274,3.349,3.481,2.017,20.01,page101,
684,1.381,1.492,0.547,20.02,page101,
662,2.062,2.246,0.95,20.01,page101,
2062,12.578,13.156,6.289,20.02,page101,
1252,2.391,2.518,1.374,20.02,page101,
1240,1.847,1.996,0.967,20.03,page101,
1248,5.308,5.661,2.868,20.03,page101,
1929,1.546,1.716,0.707,20.04,page101,
1448,1.596,1.782,0.604,20.05,page101,
1848,0.285,0.335,0.154,20.06,page101,
2026,1.146,1.22,0.536,20.03,page101,
1318,1.154,1.249,0.539,20.02,page101,
2050,6.196,6.566,3.515,20.01,page101,"duplicated, page 101"
2196,3.919,4.172,1.874,20.01,page101,
1747,3.407,3.568,1.965,20.03,page102,
737,1.138,1.236,0.47,20.04,page102,
1426,3.888,4.097,2.302,20.05,page102,
1387,1.06,1.135,0.564,20.07,page102,
2182,1.56,1.673,0.81,20.06,page102,
1244,2.281,2.451,1.311,20.05,page102,
1661,9.175,9.827,4.06,20.05,page102,
1690,1.302,1.431,0.593,20.05,page102,
1657,0.71,0.775,0.371,20.04,page102,
1680,1.073,1.194,0.559,20.03,page102,
1419,2.499,2.684,1.488,20.02,page102,
2071,1.012,1.164,0.492,20.01,page102,
2426,7.303,7.598,4.021,20.01,page102,
1416,1.958,2.091,1.045,20,page102,
1751,2.496,2.634,1.346,20,page102,
2320,0.085,0.103,0.046,20.01,page102,
850,4.407,4.712,1.989,20.01,page102,
1259,4.472,4.669,2.462,20.02,page102,
2346,2.612,2.738,1.549,20.03,page102,
2188,3.981,4.216,2.223,20.04,page102,
1509,1.89,2.108,0.783,20.04,page102,
1570,2.711,2.833,1.579,20.05,page102,
1414,2.295,2.442,1.272,20.06,page102,
1873,1.21,1.315,0.608,20.06,page102,
1520,1.23,1.298,0.544,20.06,page102,
1398,5.182,5.52,2.575,20.07,page102,
1990,0.556,0.648,0.228,20.07,page102,
1553,0.281,0.322,0.167,20.06,page102,
1320,3.645,3.857,1.971,20.05,page102,
2335,0.449,0.507,0.213,20.05,page102,
1245,2.483,2.815,1.117,20.04,page102,
1820,1.077,1.201,0.575,20.04,page102,
1352,1.713,1.832,0.922,20.02,page102,
1349,2.212,2.371,1.132,20.03,page102,
1233,1.985,2.15,1.076,20.01,page102,
671,0.673,0.717,0.381,20.01,page102,
1611,0.14,0.168,0.066,20,page103,
1815,1.035,1.133,0.591,19.99,page103,
2193,5.393,5.69,2.751,20,page103,
1917,0.035,0.039,0.023,20.02,page103,
1249,1.524,1.661,0.694,20.03,page103,
701,4.286,4.636,2.058,20.04,page103,
1648,0.803,0.919,0.421,20.05,page103,
862,2.019,2.229,0.673,20.05,page103,
1911,1.146,1.347,0.431,20.06,page103,
1431,2.538,2.807,0.792,20.06,page103,
736,6.988,7.606,3.305,20.07,page103,
881,2.06,2.243,0.35,20.05,page103,
806,6.321,6.693,3.164,20.02,page103,
943,5.865,6.154,2.327,20.06,page103,
675,8.155,8.559,4.157,20.09,page103,
1134,4.082,4.429,1.635,20.09,page103,
476,6.784,7.203,2.459,20.1,page103,
1280,4.125,4.379,1.864,20.08,page103,
1044,4.417,4.67,2.095,20.07,page103,
461,7.181,7.513,3.806,20.06,page103,
1454,1.886,2.013,0.89,20.07,page103,
1456,9.072,9.519,4.93,20.05,page103,
968,1.246,1.38,0.314,20.04,page103,
1484,3.986,4.199,2.304,20.04,page103,
1458,4.042,4.227,2.247,20.04,page103,
600,8.491,8.978,4.848,20.03,page103,
938,7.211,7.793,2.979,20.01,page103,"duplicated, page 103"
1008,2.784,2.978,1.218,20,page103,
540,6.872,7.286,3.552,20,page103,
1193,1.737,1.635,0.794,19.98,page103,
1832,5.871,6.182,3.042,20.02,page103,
929,0.624,0.682,0.376,20.02,page103,
1196,0.155,0.18,0.104,20.03,page103,
1102,1.484,1.618,0.655,20.04,page103,
910,0.051,0.808,0.792,20.05,page104,"Outlier, numbers don't make sense in order, Pierrick has page"
437,23.293,24.474,11.626,20.06,page104,
647,13.759,14.429,5.082,20.04,page104,
1010,10.0136,10.815,4.802,20.03,page104,
966,2.366,2.548,0.725,20.03,page104,
637,9.45,9.913,4.129,20.02,page104,"duplicated, page 104"
1056,3.036,3.232,1.547,20.02,page104,
562,2.525,2.689,1.374,20,page104,
938,8.011,8.469,4.117,20.01,page104,"duplicated, page 104"
1101,11.251,11.862,5.018,20,page104,
435,12.535,13.22,6.778,20,page104,
642,0.463,0.51,0.204,19.98,page104,
541,3.714,4.041,1.342,19.98,page104,
1024,6.452,6.802,2.83,20.01,page104,
480,14.794,15.496,5.766,20.02,page104,"duplicated, page 104"
928,11.131,11.725,5.972,20.02,page104,
1531,2.657,2.944,1.109,20.03,page104,
479,15.783,16.678,7.279,20.04,page104,
1036,9.571,10.088,4.493,20.05,page104,
1095,0.424,0.467,0.145,20.05,page104,
645,10.356,10.808,3.955,20.07,page104,
875,2.243,2.373,1.04,20.07,page104,
1171,11.464,12.088,6.093,20.07,page104,
432,12.508,13.164,6.558,20.04,page104,
1100,3.807,4.068,1.818,20.03,page104,
830,2.792,3.01,1.166,20.03,page104,
441,11.921,12.47,6.62,20.03,page104,
598,5.736,6.178,2.402,20.02,page104,
643,6.632,7.174,2.989,20.02,page104,
618,6.959,7.369,3.226,20,page104,
1211,18.032,18.818,9.338,20,page104,
987,4.124,4.411,2.356,20.04,page104,
788,7.518,7.901,3.635,20.05,page104,
912,2.159,2.321,1.036,20.06,page104,
913,1.961,2.118,1.015,20.05,page104,
1160,3.628,3.781,1.995,20.07,page104,
1327,10.526,10.997,5.304,20.03,page105,
1005,2.938,3.224,1.262,20.03,page105,
1179,6.063,6.373,3.333,20.04,page105,
1207,2.448,2.621,1.057,20.02,page105,
1263,2.469,2.627,1.371,19.99,page105,
1345,0.073,0.1,0.022,20.03,page105,
761,2.092,2.328,1.018,20.04,page105,
822,14.446,15.181,7.626,20.03,page105,
959,2.82,3.111,0.561,20.02,page105,
1339,5.596,5.952,2.89,20,page105,
1191,14.15,14.698,6.618,20,page105,
1303,1.524,1.654,0.657,19.99,page105,
529,14.132,14.86,7.282,19.98,page105,
888,8.341,8.837,3.865,19.97,page105,
1346,2.315,2.486,1.047,19.98,page105,
1340,4.739,5.092,2.47,20,page105,
829,6.671,6.975,3.24,20,page105,
941,10.096,10.659,5.104,20.01,page105,
1181,5.946,6.245,3.212,20.02,page105,
1028,3.614,3.904,2.085,20.03,page105,
1178,9.75,10.435,4.427,20.03,page105,
948,4.347,4.636,1.946,20.04,page105,
895,5.996,6.397,2.598,20.05,page105,
798,6.71,7.151,3.668,20.06,page105,
1014,2.999,3.223,1.369,20.06,page105,
915,4.777,5.062,2.083,20.07,page105,
872,5.436,5.768,2.892,20.05,page105,
1297,5.877,6.206,3.023,20.03,page105,
821,2.35,2.498,0.899,20.03,page105,
1296,2.356,2.577,1.026,20.02,page105,
779,10.541,11.028,6.101,20.01,page105,
871,10.611,11.415,3.356,20,page105,
818,7.791,8.209,3.818,19.97,page105,
637,1.91,2.04,1.052,19.98,page105,"duplicated, page 105"
956,0.329,0.359,0.201,20.01,page105,
989,2.032,2.173,1.176,20.02,page105,
1182,2.16,2.337,1.117,20.03,page106,
1027,1.247,1.35,0.511,20.03,page106,
808,4.79,5.057,2.541,20.04,page106,
892,6.304,6.715,2.814,20.05,page106,
1335,4.084,4.305,2.29,20.05,page106,
1277,5.08,5.412,2.405,20.06,page106,
1022,5.078,5.418,2.813,20.07,page106,
924,5.331,5.686,2.649,20.05,page106,
463,21.384,22.366,9.97,20.04,page106,
889,1.341,1.429,0.659,20.02,page106,
446,11.716,12.326,5.763,20.02,page106,
1072,6.748,7.306,2.624,20.01,page106,
748,0.435,0.486,0.227,20,page106,
1333,2.933,3.148,1.404,19.99,page106,
792,4.019,4.249,1.936,20.02,page106,
891,6.305,6.726,2.109,20.03,page106,
467,14.187,14.809,7.06,20.04,page106,
893,1.804,1.942,0.865,20.04,page106,
473,20.301,21.215,9.707,20.05,page106,
946,5.175,5.458,2.699,20.06,page106,
1051,4.706,4.973,2.236,20.07,page106,
1467,5.548,5.895,2.338,20.03,page106,
870,19.117,19.864,9.102,20.03,page106,
991,1.7,1.851,0.752,20.02,page106,
972,3.313,3.523,1.294,20.02,page106,
742,6.741,7.18,3.244,20.01,page106,
599,12.499,13.141,6.365,19.99,page106,
1315,1.104,1.192,0.292,19.98,page106,
485,1.484,1.582,0.763,19.98,page106,
617,11.847,12.484,6.37,20,page106,
543,5.876,6.181,2.645,20.01,page106,
1383,4.23,4.515,1.634,20.01,page106,
481,8.221,8.712,2.616,20.01,page106,
1314,6.398,6.671,3.546,20.03,page106,
756,3.65,3.897,1.932,20.04,page106,
1124,1.239,1.326,0.64,20.04,page106,
1176,4.962,5.343,2.307,20.05,page107,
1470,1.574,1.683,0.836,20.07,page107,
826,20.539,21.432,11.192,20.03,page107,
1213,3.011,3.169,1.668,20.03,page107,
1025,7.834,8.155,4.123,20.01,page107,
1075,3.515,3.817,1.534,20,page107,
1132,4.245,4.463,2.23,20.01,page107,
1016,7.835,8.278,3.815,29.99,page107,
1483,2.127,2.321,0.838,29.97,page107,
436,20.181,21.273,7.491,20.02,page107,
1011,2.097,2.277,0.785,20.03,page107,
896,1.49,1.629,0.264,20.04,page107,
990,4.322,4.59,2.411,20.04,page107,
922,6.335,6.936,2.749,20.05,page107,
640,9.298,9.806,3.578,20.06,page107,duplicated page 107
1054,9.222,9.621,5.236,20.06,page107,
494,16.76,17.638,8.698,20.06,page107,
787,6.828,7.287,3.428,20.02,page107,
1275,1.944,2.099,0.852,20.01,page107,
1214,9.052,9.527,4.092,19.98,page107,
795,9.668,10.197,4.813,19.99,page107,
1066,1.601,1.694,0.862,20.01,page107,duplicated page 107
484,17.189,18.07,8.667,20.01,page107,
1285,3.026,3.201,0.912,20.02,page107,
757,8.337,8.88,2.499,20.02,page107,
883,4.89,5.169,2.317,20.03,page107,
619,15.435,16.024,8.39,20.04,page107,
507,0.66,0.731,0.273,20.05,page107,
927,3.033,3.231,1.444,20.05,page107,
1106,3.079,3.3,1.185,20.06,page107,
1305,3.389,3.55,1.92,20.06,page107,
749,5.596,5.929,2.682,19.98,page107,
505,5.361,5.64,2.78,19.98,page107,
465,14.967,15.792,8.661,19.99,page107,"duplicated, page 107"
573,4.987,5.276,2.657,20.01,page107,
634,1.155,1.224,0.653,20.01,page107,
758,1.312,1.451,0.671,20.02,page108,
973,3.864,4.143,1.858,20.03,page108,
430,3.448,3.659,1.181,20.04,page108,
1344,3.043,3.199,1.647,20.04,page108,
1382,2.072,2.193,1.126,20.05,page108,
594,0.169,0.194,0.068,20.06,page108,
1528,0.522,0.575,0.218,20.07,page108,duplicated page 108
1304,6.056,6.457,1.398,20.03,page108,
745,0.9,0.994,0.256,20.02,page108,
908,1.264,1.376,0.425,20.02,page108,
454,0.492,0.54,0.282,20,page108,
511,3.745,3.97,1.977,20,page108,
1045,4.073,4.315,2.258,19.98,page108,
428,4.856,5.252,1.907,19.97,page108,
762,12.152,13.004,5.542,20,page108,
528,10.478,11.093,5.968,20.01,page108,
1125,1.222,1.306,0.571,20.02,page108,
1538,4.328,4.587,1.952,20.03,page108,
535,4.473,4.723,2.141,20.02,page108,
1457,3.242,3.437,1.673,20.04,page108,
1330,1.635,1.74,0.857,20.05,page108,
477,19.987,21.022,9.893,20.05,page108,
1144,0.342,0.386,0.104,20.06,page108,
604,8.501,8.996,4.44,20.06,page108,
937,1.904,2.053,0.89,20.03,page108,
502,2.265,2.382,1.187,20.02,page108,
814,6.127,6.438,2.995,20.01,page108,
458,7.568,8.007,3.272,19.98,page108,duplicated page 108
631,5.663,5.982,2.65,19.97,page108,
478,8.253,8.743,4.162,20.01,page108,
596,1.513,1.614,0.811,20.01,page108,
649,9.097,9.508,4.7,20.02,page108,
1120,1.282,1.379,0.649,20.02,page108,
1465,1.145,1.216,0.649,20.03,page108,
1269,4.291,4.517,2.249,20.04,page108,
587,12.57,13.348,5.306,20.05,page108,
457,4.119,4.436,1.671,20.06,page109,
448,10.031,10.467,5.326,20.06,page109,
1271,0.597,0.655,0.241,20.05,page109,
482,22.318,23.342,11.018,20.02,page109,
487,13.769,14.454,7.622,20.02,page109,
1523,1.319,1.429,0.596,20.01,page109,
1283,2.837,3.025,1.496,19.99,page109,
1023,2.024,2.197,0.638,19.98,page109,
453,13.698,14.531,6.132,19.97,page109,
1533,5.058,5.311,2.987,20.01,page109,
873,0.444,0.487,0.201,20.01,page109,
1013,6.115,6.526,2.308,20.01,page109,
1168,1.533,1.66,0.591,20.02,page109,
508,5.268,5.57,2.849,20.03,page109,
964,2.032,2.177,0.83,20.04,page109,
1153,2.095,2.245,1.164,20.04,page109,
412,1.745,1.872,0.953,20.07,page109,
1276,2.965,3.173,0.872,20.04,page109,
1164,4.039,4.299,1.785,20.03,page109,
551,4.624,4.902,1.662,20.04,page109,
960,9.42,9.902,5.866,20.02,page109,
608,8.304,8.756,3.837,20.01,page109,
955,3.448,3.68,1.296,20,page109,
1094,1.443,1.568,0.46,20,page109,
1540,2.812,2.976,1.216,19.99,page109,
424,7.312,7.667,3.931,19.98,page109,
1130,4.088,4.333,1.948,19.99,page109,
1282,4.187,4.449,2.121,20.01,page109,
1039,0.377,0.432,0.168,20.01,page109,
646,0.417,0.462,0.216,20.02,page109,
1311,1.317,1.443,0.606,20.02,page109,
931,2.731,2.932,1.002,20.03,page109,
882,3.236,3.472,1.553,20.03,page109,
466,9.961,10.455,5.476,20.04,page109,
1162,6.611,7.051,3.913,20.05,page109,
517,0.93,1.02,0.442,20.06,page109,
999,2.069,2.233,1.051,20.07,page110,
506,0.66,0.723,0.327,20.07,page110,
632,6.077,6.383,3.614,20.03,page110,
834,2.677,2.863,1.313,20.02,page110,
495,5.166,5.453,2.385,20,page110,
416,1.582,1.704,0.797,20,page110,
980,3.348,3.595,1.178,19.98,page110,
606,5.049,5.304,2.742,19.97,page110,
531,2.165,2.29,1.253,19.99,page110,
833,7.306,7.696,3.838,20.01,page110,
1017,3.351,3.567,1.656,20.01,page110,
488,12.291,12.863,6.595,20.01,page110,
1058,2.74,2.915,1.475,20.02,page110,
503,1.79,1.911,0.992,20.04,page110,
497,0.36,0.424,0.174,20.05,page110,
1097,4.517,4.921,2.073,20.05,page110,
994,8.594,8.997,4.411,20.06,page110,
1035,5.943,6.308,2.682,20.06,page110,
610,6.349,6.7,3.509,20.07,page110,
1108,2.084,2.236,0.787,20.04,page110,
878,0.222,0.253,0.064,20.03,page110,
1499,1.586,1.693,0.796,20.02,page110,
897,0.152,0.181,0.08,20.01,page110,
1046,3.716,3.975,1.556,20.02,page110,
537,0.743,0.827,0.369,19.99,page110,
614,0.643,0.728,0.341,19.98,page110,
828,7.862,8.293,3.73,19.98,page110,
1361,0.275,0.31,0.108,20.01,page110,
1313,0.911,0.987,0.372,20.01,page110,
627,2.037,2.201,1.04,20.01,page110,
1174,4.513,4.787,2.419,20.02,page110,
1038,0.514,0.591,0.104,20.03,page110,
1111,2.313,2.458,1.263,20.07,page110,
917,9.986,10.527,5.519,20.03,page110,
944,1.569,1.708,0.476,20.03,page110,
1165,14.533,15.155,8.278,20.01,page110,
452,7.937,8.445,4.382,19.99,page111,
486,7.429,7.873,3.578,19.97,page111,
1379,0.847,0.937,0.426,20.01,page111,
1169,8.897,9.367,3.133,20.01,page111,
652,7.154,7.505,4.136,20.07,page111,
823,6.077,6.414,3.066,20.03,page111,
993,3.241,3.457,1.657,20.02,page111,
1167,0.688,0.758,0.263,20.01,page111,
1535,10.454,11.061,4.529,20.02,page111,
1166,1.055,1.144,0.473,20,page111,
425,8.922,9.479,4.894,19.99,page111,
536,7.575,8.007,4.157,19.99,page111,
575,4.928,5.297,1.493,19.98,page111,
534,7.235,7.758,3.444,20,page111,
1012,2.002,2.167,0.853,20.01,page111,
1363,1.823,1.943,0.902,20.01,page111,
923,8.925,9.42,3.935,20.02,page111,
546,2.435,2.586,1.268,20.03,page111,
426,3.143,3.312,1.773,20.03,page111,
1076,0.865,0.976,0.358,20.04,page111,
640,4.642,4.969,2.339,20.05,page111,"duplicated, page 111"
1103,2.925,3.083,1.334,20.05,page111,
639,4.696,5.003,2.402,20.06,page111,
410,3.384,3.566,1.605,20.06,page111,
1338,0.489,0.54,0.238,20.07,page111,
636,2.305,2.479,1.204,20.06,page111,
797,5.918,6.224,3.07,20.03,page111,
1502,2.658,2.86,1.297,20.01,page111,
934,0.752,0.827,0.361,20,page111,
1279,8.252,8.613,4.191,19.99,page111,
593,0.377,0.42,0.198,19.98,page111,
552,0.672,0.774,0.304,19.98,page111,
1494,2.709,2.921,0.902,20.01,page111,
433,4.399,4.691,2.488,20.02,page111,"duplicated, page 111"
515,6.792,7.073,3.717,20.02,page111,
992,0.513,0.578,0.203,20.02,page111,
1487,1.736,1.869,0.935,20.06,page112,
1529,5.219,5.589,2.743,20.06,page112,
1088,2.124,2.259,0.946,20.07,page112,
1140,2.277,2.446,1.05,20.07,page112,
456,5.27,5.544,2.889,20.04,page112,
449,11.687,12.337,5.944,20.02,page112,
1093,0.907,1.006,0.454,20.01,page112,
1462,0.133,0.156,0.074,20.01,page112,
474,10.169,10.665,5.781,19.99,page112,
475,7.752,8.283,3.71,19.99,page112,
462,0.362,0.393,0.193,19.97,page112,
1208,3.842,4.087,1.938,19.99,page112,
490,13.125,13.737,7.111,20.01,page112,
1200,4.302,4.528,2.223,20.01,page112,
538,0.531,0.605,0.27,20.01,page112,
1157,4.601,4.833,2.413,20.02,page112,
1216,1.663,1.789,0.859,20.03,page112,
1062,3.082,3.235,1.792,20.04,page112,
601,8.855,9.269,4.427,20.04,page112,
630,4.473,4.807,1.718,20.05,page112,
472,8.057,8.586,2.751,20.05,page112,
1222,0.214,0.237,0.091,20.06,page112,
518,3.29,3.549,1.234,20.07,page112,
1309,6.411,6.841,3.065,20.06,page112,
921,2.581,2.754,1.311,20.03,page112,
1274,1.042,1.128,0.564,19.99,page112,
602,14.334,14.922,6.421,19.99,page112,
1474,1.855,1.999,0.919,19.98,page112,
1126,10.279,11.018,4.611,20,page112,
1173,3.174,3.398,1.253,20.01,page112,
1043,1.211,1.302,0.601,20.01,page112,
914,1.421,1.556,0.457,20.02,page112,
1336,2.196,2.3,1.242,20.02,page112,
1328,0.931,1.007,0.445,20.03,page112,
1000,6.714,7.042,3.828,20.03,page112,
1099,0.561,0.622,0.222,20.04,page112,
975,1.306,1.42,0.634,20.05,page113,
603,8.036,8.444,4.415,20.05,page113,
465,15.364,16.166,8.476,20.06,page113,"duplicated, page 113"
1316,4.653,4.914,2.409,20.06,page113,
1147,1.166,1.268,0.616,20.06,page113,
1368,1.089,1.181,0.585,20.04,page113,
1085,0.093,0.116,0.026,20.03,page113,
1009,2.77,3.048,1.063,20.02,page113,
1118,0.519,0.583,0.287,20.02,page113,
1224,0.083,0.099,0.032,20,page113,
1302,0.884,0.944,0.457,19.99,page113,
480,10.88,11.372,5.946,19.98,page113,"duplicated, page 113"
433,4.395,4.653,2.47,20.01,page113,"duplicated, page 113"
434,3.807,4.056,1.956,20.01,page113,
1292,0.24,0.28,0.088,20.03,page113,
650,36.33,37.623,19.994,20.04,page113,
554,3.269,3.455,1.636,20.05,page113,
489,9.658,10.116,5.201,20.06,page113,
458,6.14,6.43,3.008,20.06,page113,"duplicated, page 113"
995,3.46,3.644,1.939,20.07,page113,
1066,0.838,0.914,0.365,20.05,page113,"duplicated, page 113"
1142,2.121,2.288,0.612,20.03,page113,
644,2.171,2.307,0.919,20.03,page113,
1524,7.851,8.141,4.65,20.02,page113,
978,2.587,2.75,1.291,20.02,page113,
958,3.244,3.451,1.119,20.01,page113,
1007,2.994,3.239,1.504,20,page113,
759,3.148,3.369,1.575,19.99,page113,
1127,1.044,1.117,0.537,19.97,page113,
996,7.121,7.468,4.096,20.01,page113,
1015,1.527,1.637,0.597,20.01,page113,
1164,0.42,0.472,0.129,20.01,page113,"duplicated, page 113"
1096,6.586,6.966,3.196,20.02,page113,
1150,2.145,2.25,1.141,20.03,page113,
1139,3.319,3.54,1.679,20.03,page113,
810,4.408,4.687,1.737,20.04,page113,
898,0.624,0.69,0.289,20.05,page114,
1063,3.899,4.16,2.086,20.06,page114,
498,1.844,1.995,0.974,20.07,page114,
971,5.935,6.353,1.282,20.07,page114,
1041,3.984,4.186,2.19,20.07,page114,
768,5.933,6.368,2.833,20.04,page114,
970,1.169,1.33,0.286,20.03,page114,
1109,1.689,1.818,0.878,20.03,page114,
1052,0.387,0.427,0.189,20.02,page114,
1053,4.351,4.587,2.475,20.01,page114,
936,1.001,1.068,0.503,20.01,page114,
591,0.577,0.637,0.178,20,page114,
1295,1.248,1.338,0.534,19.99,page114,
1264,0.81,0.881,0.277,19.98,page114,
793,2.429,2.605,1.136,19.98,page114,
1267,0.711,0.784,0.185,20,page114,
1501,1.981,2.114,0.933,20.01,page114,
1112,1.638,1.762,0.786,20.01,page114,
747,8.362,8.823,4.293,20.02,page114,
444,9.01,9.499,3.754,20.01,page114,
504,1.792,1.92,0.895,20.01,page114,
556,1.236,1.311,0.66,20,page114,
1371,1.85,1.988,0.873,19.99,page114,
550,10.626,11.029,5.532,19.97,page114,
1074,2.125,2.228,1.133,19.98,page114,
1270,3.057,3.252,1.771,20.01,page114,
1522,3.094,3.327,1.487,20.01,page114,
415,10.341,10.707,5.619,20.01,page114,
545,4.618,4.926,2.057,20.02,page114,
740,0.17,0.203,0.059,20.03,page114,
648,9.1,9.86,2.427,20.04,page114,
746,0.179,0.229,0.089,20.05,page114,
1370,2.174,2.288,1.239,20.06,page114,
509,4.6,4.803,2.623,20.07,page114,
590,2.371,2.541,1.332,20.05,page114,
616,3.416,3.608,1.368,20.03,page115,
1306,11.496,11.929,6.44,20.03,page115,
1472,1.716,1.851,0.73,20.03,page115,
585,9.899,10.46,4.258,20.01,page115,
423,0.307,0.349,0.173,20.01,page115,
1289,3.311,3.485,1.681,19.99,page115,
1463,1.234,1.319,0.625,19.99,page115,
1331,0.482,0.56,0.242,19.98,page115,
620,4.047,4.339,1.912,19.97,page115,duplicated page 115
874,0.226,0.25,0.131,20,page115,
1019,2.204,2.342,1.335,20,page115,
1312,1.496,1.622,0.548,20.01,page115,
1087,1.131,1.231,0.615,20.01,page115,
609,6.658,7.034,3.621,20.02,page115,
1212,1.638,1.786,0.811,20.02,page115,
611,7.437,7.864,4.105,20.03,page115,
794,0.615,0.684,0.124,20.03,page115,
783,1.702,1.797,0.895,20.04,page115,
1040,0.232,0.275,0.04,20.04,page115,
542,6.947,7.354,2.358,20.05,page115,
805,0.455,0.499,0.236,20.05,page115,
785,2.333,2.501,1.088,20.06,page115,
918,1.509,1.591,0.503,20.07,page115,
1138,0.989,1.592,0.868,20.07,page115,
421,0.595,0.648,0.241,20.04,page115,
1528,3.143,3.33,1.721,20.03,page115,duplicated page 115
1534,2.975,3.147,1.302,20.03,page115,
592,3.996,4.338,2.091,20.01,page115,
1273,0.39,0.431,0.22,20.01,page115,
1037,2.931,3.069,1.608,20.01,page115,
1342,0.602,0.66,0.141,20.01,page115,
641,1.437,1.575,0.756,20,page115,
1110,1.204,1.329,0.638,19.98,page115,
998,1.863,1.987,1.07,19.96,page115,
1286,3.342,3.525,1.571,20,page115,
1301,2.548,2.71,1.177,20.01,page115,
3567,8.121,8.42,4.876,20.02,page116,
3442,8.983,9.336,5.01,20.03,page116,
3571,5.137,5.467,1.818,20.04,page116,
3501,7.769,8.447,2.971,20.04,page116,
3383,3.183,3.34,1.822,20.05,page116,
3562,4.06,4.311,2.154,20.05,page116,
3440,12.125,12.748,6.288,20.06,page116,
3667,13.094,13.758,7.061,20.06,page116,
3457,25.229,26.05,13.202,20.07,page116,
3671,7.237,7.59,3.88,20.04,page116,
3522,5.165,5.458,2.808,20.03,page116,
3391,2.963,3.136,1.625,20.03,page116,
3097,2.964,3.166,1.593,20.02,page116,
3352,3.75,4.024,1.198,20.02,page116,
2741,18.791,19.488,10.214,20.03,page116,
3368,2.344,2.505,1.214,20.04,page116,
3469,3.271,3.444,1.883,20.04,page116,
2738,13.208,13.701,7.24,20.05,page116,
3281,1.77,1.882,0.952,20.06,page116,
2947,8.734,9.068,5.055,20.06,page116,
2521,4.755,5.005,2.332,20.07,page116,
3574,3.74,3.925,1.982,20.07,page116,
3452,6.02,6.361,3.142,20.04,page116,
3430,0.685,0.785,0.391,20.03,page116,
3458,3.545,3.726,2.079,20.03,page116,
3031,14.218,14.722,6.892,20.02,page116,
2981,1.485,1.589,0.636,20.02,page116,
3028,7.52,7.93,3.821,20,page116,
3680,7.438,7.754,4.242,20,page116,
3197,26.841,27.002,13.713,19.99,page116,
2893,3.218,3.43,1.332,19.98,page116,
3382,3.799,4.063,1.913,19.97,page116,
2742,21.954,22.864,11.762,20,page116,
3169,10.5,11.023,5.748,20.01,page116,
3564,18.339,19.436,8.16,20.01,page116,
3079,4.526,4.785,2.442,20.02,page116,
2598,4.296,4.549,2.419,20.02,page117,
3679,3.885,4.079,2.035,20.03,page117,
2774,12.187,12.777,5.983,20.04,page117,
2789,8.945,9.447,4.968,20.04,page117,
2949,12.833,12.833,5.857,20.05,page117,
3256,5.506,5.807,3.058,20.06,page117,
3422,0.414,0.454,0.192,20.06,page117,
2594,3.982,4.196,2.307,20.06,page117,
3173,15.931,16.605,6.39,20.07,page117,
3414,3.788,3.085,2.068,20.04,page117,value with wax is lower than without
2539,14.955,15.481,8.201,20.04,page117,
2954,5.585,5.941,2.57,20.02,page117,
3512,5.693,6.078,3.305,20.01,page117,
3224,1.911,2.071,1.047,20.02,page117,
2941,8.97,9.36,4.663,20.02,page117,
3500,2.933,3.161,1.702,19.99,page117,
2942,4.319,4.584,2.424,20,page117,
2955,4.684,4.98,2.503,19.99,page117,
3489,4.089,4.309,2.173,19.97,page117,
3154,3.189,3.436,1.559,19.99,page117,
2950,1.909,2.039,0.981,20.01,page117,
2460,11.328,11.878,6.374,20.01,page117,
2974,4.108,4.394,1.812,20.01,page117,
3517,4.567,4.81,2.648,20.02,page117,
3106,5.693,6.004,3.102,20.02,page117,
2751,16.305,17.109,8.903,20.03,page117,
3387,39.942,41.038,21.953,20.05,page117,
2944,5.249,5.604,2.679,20.05,page117,
3259,1.396,1.538,0.503,20.06,page117,
3411,10.152,10.612,5.719,20.07,page117,
2948,8.653,9.137,4.114,20.07,page117,
3480,5.712,6.026,3.271,20.04,page117,
3516,5.768,6.054,3.462,20.03,page117,
3092,6.451,6.74,3.21,20.03,page117,
2986,12.589,13.275,6.835,20.02,page117,
3424,3.638,3.856,1.957,20.01,page117,
2507,4.5,4.673,2.733,20,page118,
2455,4.231,4.574,2.331,19.98,page118,
2501,1.502,1.627,0.436,20,page118,
2953,5.92,6.222,3.344,20.01,page118,
2590,2.26,2.409,1.235,20.01,page118,
3277,2.722,2.92,1.462,20.02,page118,
3069,0.525,0.553,0.291,20.02,page118,
3359,0.755,0.825,0.385,20.03,page118,
3529,4.074,4.282,2.141,30.03,page118,
2824,2.177,2.356,1.032,20.04,page118,
3215,3.578,3.84,1.738,20.07,page118,
3270,3.854,4.081,2.091,20.05,page118,
2480,5.741,6.081,3.028,20.03,page118,
3260,8.218,8.773,3.745,20.03,page118,
2772,8.422,8.868,4.263,20.02,page118,
2911,2.087,2.237,1.101,20.01,page118,
3448,6.937,7.294,3.836,20,page118,
3271,2.735,2.927,1.581,19.99,page118,
3460,4.896,5.138,2.803,19.99,page118,
2790,13.768,14.55,7.35,19.98,page118,
3399,3.903,4.118,2.055,19.97,page118,
3015,3.095,3.311,1.609,20,page118,
2591,3.554,3.767,1.857,20,page118,
2581,3.288,3.461,1.634,20,page118,
2572,0.73,0.813,0.238,20.01,page118,
3507,7.325,7.67,4.205,20.02,page118,
3249,2.571,2.747,1.259,20.01,page118,
3279,3.045,3.244,1.613,20.02,page118,
3358,7.242,7.584,4.248,20.03,page118,
2526,7.995,8.402,4.058,20.03,page118,duplicated page 118
3269,3.876,4.08,1.742,20.04,page118,
2936,8.737,9.21,4.135,20.04,page118,
3362,0.434,0.487,0.149,20.05,page118,
2958,4.472,4.686,2.638,20.06,page118,
3423,6.24,6.559,3.422,20.06,page118,
2585,6.47,6.851,3.731,20.06,page118,
3676,1.995,2.126,1.023,20.03,page119,
2584,13.087,13.62,7.066,20.03,page119,
3436,2.536,2.708,1.284,20.02,page119,duplicated page 119
3378,4.38,4.618,2.539,20.02,page119,
3004,3.777,4.009,2.093,20.01,page119,
2522,17.982,18.666,9.866,19.99,page119,
2913,11.462,12.036,6.243,19.98,page119,
3493,0.98,1.069,0.525,19.99,page119,
3392,23.01,23.83,12.133,19.97,page119,
3290,2.514,2.676,1.334,20.01,page119,
2524,2.514,2.658,1.412,20.01,page119,
2945,3.699,3.958,1.572,20.01,page119,
2788,7.747,8.222,4.477,20.02,page119,
3470,3.67,3.898,1.793,20.02,page119,
3467,3.667,3.895,1.681,20.02,page119,
2756,2.47,2.819,1.15,20.03,page119,
3406,6.541,6.934,3.522,20.03,page119,
2541,4.678,4.938,2.513,20.04,page119,
3568,16.085,16.829,8.55,20.05,page119,
3285,10.642,11.148,5.796,20.05,page119,
3178,7.858,8.345,3.32,20.05,page119,
2564,2.611,2.761,1.351,20.06,page119,
2567,2.058,2.225,0.847,20.07,page119,
2747,9.47,10.045,5.212,20.07,page119,
3588,6.396,6.791,3.167,20.05,page119,
2935,6.599,6.946,3.649,20.04,page119,
2767,4.349,4.522,2.056,20.03,page119,
2886,3.337,3.534,1.872,20.02,page119,
3280,2.586,2.766,1.3,20.02,page119,
3190,7.647,7.958,4.399,20.02,page119,
3026,9.7,10.353,5.407,20,page119,
2939,22.192,22.913,11.77,20,page119,
2750,30.635,32.131,16.446,19.99,page119,
2513,9.501,10.181,5.516,20.04,page119,
3582,18.258,18.953,9.803,20.05,page119,
3515,5.21,5.553,2.878,20.06,page119,
3511,3.712,3.938,1.877,20.06,page120,
3590,9.604,10.245,4.858,20.07,page120,
3334,21.249,22.026,11.626,20.02,page120,
3437,2.557,2.729,1.345,20.02,page120,
3575,2.271,2.468,1.16,20.02,page120,duplicated page 120
3653,1.723,1.842,0.989,20.01,page120,
3504,5.716,6.042,3.359,20,page120,
3085,1.036,1.149,0.569,20,page120,
3435,3.068,3.288,1.375,20,page120,
3332,10.818,11.315,6.051,19.98,page120,
3265,5.896,6.241,2.579,19.99,page120,
3355,6.055,6.344,3.42,20.01,page120,
3010,10.072,10.553,5.045,20.01,page120,
2766,13.208,13.73,6.884,20.01,page120,
3030,7.105,7.467,3.416,20.02,page120,
3425,6.171,6.47,3.388,20.02,page120,
2850,32.89,33.937,18.533,20.04,page120,
3466,5.406,5.685,3.003,20.04,page120,
3385,8.747,9.201,4.656,20.05,page120,
2533,3.835,4.068,2.083,20.06,page120,
3618,6.915,7.234,4.031,20.06,page120,
2841,7.9,8.311,4.197,20.07,page120,
3381,8.926,9.303,4.664,20.07,page120,
2916,2.647,2.872,1.128,20.04,page120,
2828,14.028,14.518,8.295,20.03,page120,
2571,6.482,6.843,3.577,20.01,page120,
3655,4.423,4.656,2.264,20.01,page120,
3210,1.242,1.326,0.683,20,page120,
3288,9.637,10.235,5.104,20,page120,
3488,10.125,10.54,5.393,19.99,page120,
2579,2.093,2.206,0.998,19.97,page120,
3668,11.341,12.06,5.822,20.01,page120,
2740,9.932,10.447,5.787,20.01,page120,
2822,4.706,4.95,2.34,20.01,page120,
2975,5.222,5.544,2.783,20.01,page120,
3150,4.739,5.047,2.398,20.02,page120,
2937,2.604,2.812,1.248,20.03,page121,
2980,2.104,2.321,0.785,20.04,page121,
3492,7.464,7.786,4.11,20.04,page121,
3441,4.974,5.257,2.77,20.05,page121,
2746,4.956,5.217,2.807,20.05,page121,
2917,5.367,5.651,2.677,20.06,page121,
3292,1.075,1.161,0.595,20.06,page121,
3403,4.458,4.697,2.616,20.07,page121,
3678,2.751,2.926,1.545,19.97,page121,
3490,3.927,4.174,1.866,19.99,page121,
3584,8.252,8.739,4.368,20,page121,
3335,10.305,10.73,5.38,20.01,page121,
3675,6.9,7.331,3.721,20.01,page121,
3464,2.711,2.888,1.235,20.01,page121,
2468,3.711,3.974,1.762,20.02,page121,
3398,4.78,5.116,2.722,20.02,page121,
2566,12.088,12.689,6.191,20.03,page121,
3222,3.196,3.427,1.603,20.03,page121,
3262,17.796,18.52,9.837,20.04,page121,
3273,7.972,8.297,3.972,20.05,page121,
3561,5.538,5.8,3.132,20.05,page121,
3238,10.303,10.785,5.272,20.06,page121,
3180,9.694,10.103,4.948,20.03,page121,
2926,3.906,4.17,2.012,20.03,page121,
2599,4.935,5.211,2.844,20.02,page121,
2826,6.005,6.546,2.402,20.01,page121,
3152,0.522,0.598,0.147,20.01,page121,
2875,6.853,7.222,3.675,20,page121,
3478,7.21,7.595,4.032,19.99,page121,
2575,2.09,2.287,0.775,19.99,page121,
2999,3.884,4.166,1.587,19.97,page121,
3408,1.607,1.77,0.648,20,page121,
2574,9.015,9.628,3.722,20.01,page121,
2570,4.039,4.326,1.951,20.01,page121,
3194,2.827,3.094,1.199,20.02,page121,
2881,0.574,0.633,0.238,20.03,page121,
2563,3.792,4.05,1.741,20.04,page122,
2763,2.379,2.546,1.255,20.04,page122,
2777,2.495,2.63,1.478,20.05,page122,
3465,6.478,6.759,3.773,20.06,page122,
3658,3.238,3.423,1.773,20.06,page122,
2546,10.653,11.212,5.189,20.07,page122,
3003,8.842,9.271,5.034,20.04,page122,
3089,8.194,8.606,3.947,20.03,page122,
2783,6.749,7.051,3.897,20.02,page122,
2784,5.072,5.427,2.65,20.02,page122,
2744,4.77,5.083,2.644,20.02,page122,
2871,4.499,4.778,2.45,20.01,page122,
2749,3.763,3.987,1.741,20,page122,
2882,0.742,0.826,0.289,19.99,page122,
2505,4.36,4.662,2.38,19.99,page122,
2971,5.602,6.076,2.197,19.98,page122,
2761,5.067,5.322,3.04,19.96,page122,
2565,5.44,5.759,2.533,20,page122,
2775,8.192,8.691,3.985,20.01,page122,
3266,6.755,7.142,3.542,20.01,page122,
2878,4.414,4.696,2.422,20.02,page122,
2510,5.783,6.04,3.232,20.02,page122,
2457,7.905,8.41,1.665,20.02,page122,
3275,2.41,2.555,1.304,20.03,page122,
3384,8.476,8.881,4.487,30.03,page122,
2757,3.183,3.374,1.839,20.04,page122,
2512,4.555,4.816,2.55,20.05,page122,
2593,3.846,4.097,2.148,20.05,page122,
3038,8.772,9.377,3.42,20.06,page122,
2908,5.217,5.624,2.468,20.06,page122,
2897,10.73,11.259,5.718,20.07,page122,
2956,1.212,1.332,0.615,20.03,page122,
2894,1.277,1.4,0.67,20.02,page122,
3182,8.314,8.76,2.776,20.01,page122,
2973,1.854,1.998,0.715,20.01,page122,
3176,5.543,5.924,1.988,19.99,page122,
2776,6.103,6.402,3.31,19.99,page123,
2929,7.028,7.364,3.954,19.97,page123,
3219,3.537,3.744,1.775,19.98,page123,
2580,2.703,2.837,1.642,20,page123,
2504,4.636,4.879,2.719,20,page123,
2782,3.337,3.596,1.755,20.01,page123,
3523,5.551,5.849,3.068,20.01,page123,
2578,3.43,3.65,1.432,20.02,page123,
3409,12.014,12.444,6.457,20.03,page123,
3157,4.731,4.94,2.444,20.03,page123,
2589,5.824,6.15,3.061,20.04,page123,
2785,14.233,14.98,7.44,20.05,page123,
2983,3.081,3.268,1.722,20.05,page123,
2854,3.261,3.454,1.761,20.06,page123,
3579,5.911,6.156,3.504,20.06,page123,
2745,2.498,2.668,1.414,20.07,page123,
3011,2.959,3.146,1.061,20.07,page123,
3482,6.759,7.062,3.897,20.03,page123,
3674,3.723,3.97,2.037,20.03,page123,
2588,6.931,7.259,3.854,20.03,page123,
2928,1.147,1.234,0.641,20.01,page123,
3566,5.129,5.384,2.851,20,page123,
3589,8,8.387,4.527,19.99,page123,
2930,3.026,3.257,1.631,19.99,page123,
2769,4.041,4.385,1.582,19.98,page123,
3012,4.86,5.058,2.559,19.97,page123,
2560,4.57,4.797,2.274,20.01,page123,
3218,2.154,2.275,1.147,20.02,page123,
2540,5.808,6.138,3.143,20.02,page123,
3253,1.714,1.873,0.97,20.03,page123,
3475,2.391,2.591,1.252,20.03,page123,
3438,6.335,6.67,2.975,20.04,page123,
2568,0.623,0.673,0.345,20.04,page123,
3196,4.599,4.942,2.176,20.05,page123,
2615,10.079,10.606,4.755,20.06,page123,
2770,9.032,9.473,5.146,20.07,page123,
3453,3.907,4.083,2.277,20.04,page124,
2915,5.701,6.057,2.592,20.03,page124,
3282,3.678,3.935,1.814,20.02,page124,
2905,3.869,4.133,1.761,20.02,page124,
3263,7.433,7.868,4.185,20.01,page124,
3455,4.524,4.735,2.638,20.01,page124,
3346,0.525,0.589,0.183,20,page124,
2503,2.343,2.457,1.308,19.99,page124,
3651,8.627,8.96,4.629,19.99,page124,
2739,2.393,2.603,1.076,19.97,page124,
3233,0.859,0.956,0.427,19.98,page124,
3583,2,2.175,1.006,19.99,page124,
3432,2.768,2.932,1.511,20.01,page124,
3019,3.486,3.669,1.801,20.01,page124,
3468,3.643,3.84,2.2,20.01,page124,
2748,7.568,7.942,4.408,20.02,page124,
2577,2.13,2.271,1.035,20.02,page124,
2606,5.554,5.849,2.65,20.03,page124,
3268,2.132,2.277,1.077,20.03,page124,
2786,8.121,8.492,4.622,20.04,page124,
3254,6.167,6.479,3.407,20.05,page124,
2495,3.796,4.048,2.052,20.06,page124,
2765,5.996,6.332,3.235,20.06,page124,
3418,1.76,1.892,0.845,20.07,page124,
3158,1.183,1.266,0.504,20.02,page124,
2592,1.523,1.647,0.69,20.03,page124,
3166,8.291,8.83,4.265,20.03,page124,
2600,5.525,5.842,2.644,20.03,page124,
2595,1.92,2.052,1.022,20.01,page124,
2931,4.543,4.795,2.63,20,page124,
3211,10.732,11.062,6.387,19.99,page124,
2946,3.765,3.994,1.818,20.01,page124,
2902,5.358,5.705,2.825,20.03,page124,
3293,8.942,9.337,4.139,20.04,page124,
3195,2.034,2.199,0.903,20.05,page124,
3255,3.537,3.773,1.961,20.06,page124,
2872,0.192,0.226,0.067,20.07,page125,
2752,3.339,3.526,1.75,20.03,page125,
2500,2.331,2.507,1.16,20.03,page125,
3666,4.163,4.438,2.036,20.02,page125,
2753,10.388,10.894,6.072,20.02,page125,
3578,8.477,8.803,4.288,20.01,page125,
2605,5.7,6.007,2.895,20,page125,
2768,4.416,4.681,2.335,20,page125,
2561,4.443,4.641,2.389,19.98,page125,
2743,2.902,3.103,1.329,20.01,page125,
2873,2.981,3.175,1.493,20.01,page125,
2846,0.677,0.748,0.315,20.02,page125,
2972,8.022,8.47,4.188,20.02,page125,
2859,2.144,2.306,0.911,20.02,page125,
2548,7.516,7.916,3.257,20.03,page125,
2773,8.609,9.033,4.673,20.04,page125,
2876,5.72,6.05,2.804,20.04,page125,
3156,2.652,2.816,1.472,20.05,page125,
3147,4.118,4.366,1.556,20.06,page125,
3347,2.293,2.463,0.96,20.06,page125,
3229,3.74,3.961,2.221,20.07,page125,
2771,10.24,10.775,5.941,20.07,page125,
2569,9.865,10.316,5.479,20.04,page125,
2587,1.494,1.629,0.647,20.03,page125,
2867,5.799,6.117,3.34,20.03,page125,
2736,8.532,8.949,4.868,20.03,page125,
3139,0.337,0.383,0.102,20.01,page125,
3112,1.765,1.882,0.641,20,page125,
3286,1.954,2.095,1.076,20,page125,
3039,1.572,1.711,0.775,19.98,page125,
2562,3.903,4.1,1.844,19.98,page125,
3278,6.685,6.981,3.657,20.01,page125,
2781,6.923,7.247,3.41,20.01,page125,
2832,5.634,5.954,3.035,20.02,page125,
3463,2.777,2.981,1.145,20.02,page125,
3497,3.699,3.925,1.869,20.06,page125,
3413,7.441,7.816,4.25,20.04,page126,
3393,8.219,8.641,4.366,20.02,page126,
3672,6.937,7.399,3.617,20.02,page126,
3587,14.705,15.249,8.728,20.01,page126,
3390,1.229,1.313,0.647,20.01,page126,
3456,6.327,6.636,3.488,20,page126,
3419,0.518,0.568,0.224,19.99,page126,
3417,4.525,4.78,2.501,19.99,page126,
3380,10.03,10.526,5.096,19.99,page126,
3367,8.872,9.265,4.924,20.01,page126,
3426,3.887,4.143,2.047,20.02,page126,
2542,4.685,4.894,2.748,20.02,page126,
3619,14.403,15.126,7.619,20.02,page126,
3371,5.695,5.986,2.972,20.03,page126,
2925,4.909,5.13,2.128,20.04,page126,
3454,7.134,7.499,3.906,20.04,page126,
3575,11.542,12.056,6.658,20.05,page126,duplicated page 126
3670,1.542,1.688,0.664,20.05,page126,
3429,2.142,2.281,1.287,20.06,page126,
3443,6.411,6.832,2.605,20.07,page126,
3483,5.418,5.952,2.137,20.07,page126,
3524,0.62,0.714,0.221,20.03,page126,
3379,3.443,3.666,1.305,20.04,page126,
3232,10.968,11.627,5.909,20.03,page126,
3366,3.449,3.662,2.042,20.03,page126,
2951,8.764,9.298,4.097,20.01,page126,
3502,2.738,2.91,1.079,19.99,page126,
3375,5.848,6.131,3.139,19.98,page126,
2531,9.374,9.852,4.899,20.01,page126,
3669,4.762,5.022,2.62,20.01,page126,
2550,7.754,8.12,4.163,20.02,page126,
3677,3.777,4.062,1.685,20.02,page126,
3193,5.898,6.295,2.819,20.03,page126,
3444,7.068,7.334,3.918,20.04,page126,
3421,4.92,5.253,2.747,20.04,page126,
3479,5.592,5.838,3.361,20.05,page126,
3514,4.991,5.289,2.857,20.06,page127,
2919,0.573,0.646,0.176,20.07,page127,
3374,11.109,11.579,5.664,20.06,page127,
3573,3.596,3.862,1.449,20.03,page127,
3365,6.554,6.882,3.329,20.03,page127,
3499,4.116,4.397,2.265,20.03,page127,
3410,2.629,2.855,1.256,20.01,page127,
3449,4.57,4.787,2.619,20.01,page127,
3526,8.305,8.66,4.5,20,page127,
3014,5.56,5.905,3.222,19.99,page127,
3416,2.041,2.234,0.762,19.98,page127,
3087,1.671,1.824,0.844,19.98,page127,
2526,4.713,4.982,2.545,19.98,page127,duplicated page 127
3659,8.26,8.749,4.133,20.01,page127,duplicated page 127
3372,1.456,1.58,0.657,20.01,page127,
3351,4.299,4.58,2.357,20.01,page127,
2519,5.852,6.157,2.764,20.01,page127,
3439,5.856,6.19,3.157,20.02,page127,
3202,4.655,4.904,2.521,20.03,page127,
422,3.131,3.287,1.675,20.05,page127,
1131,1.693,1.796,0.822,20.06,page127,
443,8.429,8.851,4.308,20.06,page127,
451,2.966,3.173,1.665,20.06,page127,duplicated page 127
635,4.244,4.586,1.603,20.07,page127,
1135,2.119,2.228,1.216,20.02,page127,
514,4.661,4.901,2.386,20.03,page127,
1121,5.04,5.31,2.755,20.03,page127,
440,12.664,13.373,6.435,20.02,page127,
1537,2.198,2.334,1.222,20.01,page127,
607,3.157,3.377,1.724,20.06,page127,
442,11.99,12.546,6.945,20.03,page127,
1476,4.533,4.842,2.266,20.02,page127,
605,11.923,12.502,6.58,20.02,page127,
491,2.747,2.947,1.239,20,page127,
464,12.018,12.749,5.312,19.99,page127,
469,0.419,0.465,0.191,20.01,page127,
835,1.166,1.253,0.65,19.98,page128,
1539,4.415,4.643,2.465,20,page128,
916,3.302,3.521,1.692,20.01,page128,
1475,4.569,4.837,2.319,20.01,page128,
447,7.512,7.819,4.066,20.02,page128,
427,11.724,12.37,5.495,20.02,page128,
615,4.008,4.271,2.437,20.03,page128,
439,13.771,14.362,7.588,20.03,page128,
942,4.099,4.346,2.127,20.04,page128,
549,4.254,4.475,2.315,20.04,page128,
414,8.728,9.208,3.76,20.05,page128,
1064,3.925,4.176,2.044,20.06,page128,
595,0.357,0.41,0.104,20.06,page128,
1146,2.112,2.233,1.015,20.07,page128,
1128,0.907,0.969,0.473,20.07,page128,
533,16.962,17.61,9.251,20.04,page128,
789,3.948,4.228,2.012,20.03,page128,
1341,1.646,1.763,0.657,20.03,page128,
629,5.825,6.294,2.131,20.02,page128,
438,7.198,7.577,3.148,20.01,page128,
1482,5.089,5.362,2.846,20,page128,
1188,5.679,6.009,3.104,20,page128,
781,2.337,2.492,1.204,19.98,page128,
1468,0.76,0.832,0.355,19.98,page128,
411,4.946,5.181,2.693,19.98,page128,
926,1.113,1.218,0.469,20,page128,
1375,1.93,2.052,0.774,20.01,page128,
884,0.944,1.037,0.365,20,page128,
460,4.954,5.3,2.693,20,page128,
513,26.204,27.541,13.979,20.01,page128,
471,4.325,4.509,2.459,20.03,page128,
1381,1.281,1.387,0.52,20.04,page128,
492,0.545,0.614,0.238,20.04,page128,
1480,0.335,0.381,0.174,20.05,page128,
1281,2.025,2.194,0.883,20.06,page128,
1530,1.761,1.891,0.998,20.03,page128,
1377,2.728,2.947,1.302,20.02,page129,
413,12.745,13.253,6.283,20.03,page129,
1268,1.074,1.184,0.581,20.04,page129,
510,6.753,7.102,3.329,19.98,page129,