Sample.ID,Site,Transect,Diameter.1,Diameter.2,Diameter.3,Note
2100,S11,T1,7.543,6.289,5.382,
2101,S11,T1,100,100,100,do not have the full colony on the pic
2102,S11,T1,13.17,13.265,10.828,
2103,S11,T1,1.434,1.485,1.064,
2104,S11,T1,1.084,1.539,1.011,
2150,S11,T1,6.724,9.232,4.802,
2163,S11,T1,20.087,21.599,17.424,
2168,S11,T1,1.129,1.27,1.255,
2169,S11,T1,0.885,0.984,0.41,
2237,S11,T1,5.583,5.076,3.278,
2240,S11,T1,2.106,1.737,0.807,
2241,S11,T1,9.236,8.862,9.741,
2242,S11,T1,1.329,1.452,0.704,
2243,S11,T1,17.097,14.568,15.945,
2244,S11,T1,22.198,20.66,18.605,
2245,S11,T1,14.584,12.346,10.106,
2246,S11,T1,5.412,6.392,5.744,
2247,S11,T1,13.926,12.537,13.12,
2248,S11,T1,14.717,12,10.847,
2249,S11,T1,100,100,100,do not have the full colony on the pic
2250,S11,T1,16.511,12.368,14.579,
2251,S11,T1,1.171,1.143,1.068,
2252,S11,T1,0.624,0.646,0.698,
2253,S11,T1,0.711,0.992,1.142,
2254,S11,T1,0.838,0.949,0.948,
2255,S11,T1,10.79,8.232,9.241,
2256,S11,T1,10.883,10.134,8.858,
2257,S11,T1,5.364,4.846,4.123,
2258,S11,T1,0.76,0.639,0.332,
2259,S11,T1,0.57,0.585,0.171,
2260,S11,T1,5.095,5.274,3.21,
2261,S11,T1,2.928,2.508,2.619,
2262,S11,T1,9.15,11.173,7.979,
2263,S11,T1,2.736,2.754,2.997,
2264,S11,T1,8.084,7.288,6.146,
2265,S11,T1,1.433,1.255,1.481,
2266,S11,T1,11.148,7.855,7.598,
2267,S11,T1,11.575,11.21,8.181,
2268,S11,T1,14.685,14.961,14.125,
2269,S11,T1,9.389,10.02,6.423,
2270,S11,T1,4.029,3.584,4.535,
2271,S11,T1,19.602,20.709,13.775,
2272,S11,T1,100,100,100,do not have the full colony on the pic
2273,S11,T1,8.407,8.153,7.59,
2274,S11,T1,100,100,100,do not have the full colony on the pic
2275,S11,T1,100,100,100,do not have the full colony on the pic
2276,S11,T1,13.17,13.415,11.316,
2277,S11,T1,1.318,1.564,0.825,
2278,S11,T1,9.74,9.981,4.407,
2279,S11,T1,9.304,7.993,8.461,
2280,S11,T1,9.199,8.033,6.545,
2281,S11,T1,2.974,2.883,2.808,
2282,S11,T1,20.414,19.331,18.711,
2283,S11,T1,15.622,13.134,10.138,
2284,S11,T1,1.311,1.081,0.775,
2285,S11,T1,1.573,1.885,1.365,
2286,S11,T1,0.942,0.919,0.412,
2287,S11,T1,15.604,14.829,11.09,
2288,S11,T1,22.05,21.69,21.756,
2289,S11,T1,15.653,15.632,7.023,
2290,S11,T1,0.931,0.963,0.79,
2291,S11,T1,15.28,17.358,10.335,
2292,S11,T1,6.792,6.229,3.749,
2293,S11,T1,8.338,7.476,6.145,
2294,S11,T1,10.303,11.088,7.789,
2295,S11,T1,0.957,0.83,0.468,
2296,S11,T1,1.49,1.576,0.886,
2297,S11,T1,0.855,0.885,0.396,
2298,S11,T1,2.179,1.621,1.807,
2299,S11,T1,2.24,2.325,2.256,
2300,S11,T1,0.446,0.558,0.386,
2301,S11,T1,11.695,14.261,11.975,
2302,S11,T1,10.872,12.051,9.572,
2303,S11,T1,1.739,1.629,1.353,
2304,S11,T1,2.748,2.563,2.313,
2305,S11,T1,5.085,5.075,4.381,
2306,S11,T1,0.717,0.908,0.53,
2307,S11,T1,1.271,1.169,0.772,
2308,S11,T1,0.929,0.992,0.525,
2309,S11,T1,0.871,0.695,0.327,
2310,S11,T1,1.433,1.499,0.965,
2311,S11,T1,1.978,2.141,1.898,
2312,S11,T1,0.626,0.937,0.301,
2313,S11,T1,2.231,2.19,1.863,
2314,S11,T1,1.629,1.144,0.875,
2315,S11,T1,0.528,0.435,0.433,
2316,S11,T1,20.738,20.666,19.818,
2317,S11,T1,12.012,13.182,10.553,
2318,S11,T1,1.52,1.517,1.05,
2319,S11,T1,0.976,1.122,0.561,
2320,S11,T1,0.736,0.778,0.511,
2321,S11,T1,7.675,6.21,4.423,
2322,S11,T1,13.144,12.038,13.628,
2323,S11,T1,100,100,100,do not have the full colony on the pic
2324,S11,T1,1.116,1.15,0.635,
2105,S11,T2,1.219,1.398,1.127,
2106,S11,T2,8.253,7.967,5.237,
2107,S11,T2,16.406,14.164,9.53,
2108,S11,T2,100,100,100,do not have the full colony on the pic
2109,S11,T2,100,100,100,do not have the full colony on the pic
2110,S11,T2,16.236,14.102,11.909,
2111,S11,T2,21.829,20.528,21.589,
2112,S11,T2,9.222,9.468,5.836,
2113,S11,T2,1.187,1.283,1.154,
2114,S11,T2,23.126,19.142,15.273,
2115,S11,T2,1.302,1.337,1.023,
2116,S11,T2,0.924,0.916,0.549,
2117,S11,T2,0.658,0.579,0.334,
2118,S11,T2,10.059,9.303,9.716,
2119,S11,T2,1.114,0.861,0.295,
2120,S11,T2,22.724,16.462,13.386,
2121,S11,T2,9.289,2.243,9.518,
2122,S11,T2,1.879,2.096,1.729,
2123,S11,T2,1.815,1.424,1.317,
2124,S11,T2,6.355,6.434,3.566,
2125,S11,T2,0.916,0.83,0.347,
2126,S11,T2,0.487,0.518,0.464,
2127,S11,T2,6.066,5.722,2.455,
2128,S11,T2,4.332,3.377,2.41,
2129,S11,T2,5.022,6.51,4.323,
2130,S11,T2,9.487,8.805,4.457,
2131,S11,T2,30.478,28.318,22.803,
2132,S11,T2,6.937,6.491,4.733,
2133,S11,T2,6.877,5.577,2.718,
2134,S11,T2,0.77,0.771,0.555,
2135,S11,T2,16.671,16.634,14.365,
2136,S11,T2,0.483,0.673,0.375,
2137,S11,T2,28.938,28.588,11.235,
2138,S11,T2,100,100,100,do not have the full colony on the pic
2139,S11,T2,2.534,2.116,2.133,
2140,S11,T2,0.937,0.763,0.768,
2141,S11,T2,1.487,1.744,1.102,
2142,S11,T2,0.896,1.112,0.892,
2143,S11,T2,19.957,19.566,18.394,
2144,S11,T2,1.514,1.564,1.026,
2145,S11,T2,12.088,11.037,11.044,
2146,S11,T2,0.586,0.758,0.436,
2147,S11,T2,16.65,11.45,7.42,
2149,S11,T2,1.067,0.895,0.653,
2151,S11,T2,23.974,22.943,13.597,
2152,S11,T2,0.899,0.996,0.667,
2153,S11,T2,3.138,3.552,2.544,
2154,S11,T2,2.784,2.633,2.779,
2155,S11,T2,4.225,3.846,2.929,
2156,S11,T2,5.94,6.377,4.239,
2157,S11,T2,1.426,1.462,1.283,
2158,S11,T2,2.116,2.114,2.339,
2159,S11,T2,20.522,20.579,22.149,
2170,S11,T2,11.038,9.12,5.517,
2227,S11,T2,1.337,0.921,0.799,
2228,S11,T2,10.243,11.121,8.871,
2507,S11,T3,15.563,15.256,10.404,
2508,S11,T3,1.275,1.486,0.757,
2509,S11,T3,0.766,1.023,0.511,
2510,S11,T3,12.32,12.958,9.481,
2511,S11,T3,0.778,0.844,0.616,
2512,S11,T3,8.935,9.357,5.41,
2513,S11,T3,19.313,16.926,10.546,
2514,S11,T3,1.151,1.085,0.601,
2515,S11,T3,1.341,1.098,0.928,
2516,S11,T3,0.745,0.742,0.713,
2517,S11,T3,0.836,0.985,0.699,
2518,S11,T3,1.623,1.488,1.07,
2519,S11,T3,100,100,100,do not have the full colony on the pic
2520,S11,T3,17.528,15.608,14.082,
2521,S11,T3,100,100,100,do not have the full colony on the pic
2522,S11,T3,100,100,100,do not have the full colony on the pic
2523,S11,T3,1.817,1.732,1.604,
2524,S11,T3,5.555,5.164,5.527,
2525,S11,T3,1.967,1.569,1.342,
2526,S11,T3,20.642,19.321,15.923,
2527,S11,T3,1.16,0.999,0.686,
2531,S11,T3,19.642,17.642,20.716,
2533,S11,T3,100,100,100,do not have the full colony on the pic
2539,S11,T3,100,100,100,do not have the full colony on the pic
2540,S11,T3,13.811,12.017,8.206,
2541,S11,T3,100,100,100,do not have the full colony on the pic
2542,S11,T3,15.011,15.826,16.169,
2543,S11,T3,4.087,3.951,3.111,
2544,S11,T3,0.85,0.661,0.586,
2545,S11,T3,2.639,2.621,2.431,
2546,S11,T3,10.016,10.748,7.489,
2547,S11,T3,1.3,1.138,0.514,
2548,S11,T3,27.935,27.515,25.194,
2549,S11,T3,2.147,2.012,1.565,
2550,S11,T3,19.094,20.298,17.862,
2551,S11,T3,1.431,1.034,0.751,
3332,S12,T1,15.389,17.007,11.712,
3334,S12,T1,25.973,20.77,20.972,
3335,S12,T1,19.287,19.415,16.495,
3351,S12,T1,100,100,100,do not have the full colony on the pic
3352,S12,T1,100,100,100,do not have the full colony on the pic
3353,S12,T1,1.186,1.056,1.014,
3354,S12,T1,1.393,1.407,0.66,
3355,S12,T1,100,100,100,do not have the full colony on the pic
3356,S12,T1,1.834,1.363,1.26,
3357,S12,T1,0.889,0.703,0.724,
3358,S12,T1,100,100,100,do not have the full colony on the pic
3359,S12,T1,2.839,2.858,1.856,
3360,S12,T1,0.871,0.875,0.598,
3361,S12,T1,2.231,1.928,1.627,
3362,S12,T1,1.627,2.664,2.359,
3363,S12,T1,1.173,1.175,0.873,
3364,S12,T1,2.114,1.773,1.513,
3365,S12,T1,20.403,20.949,8.198,
3366,S12,T1,100,100,100,do not have the full colony on the pic
3367,S12,T1,100,100,100,do not have the full colony on the pic
3368,S12,T1,2.291,2.545,2.02,
3369,S12,T1,0.844,0.904,0.874,
3370,S12,T1,1.549,1.435,1.509,
3371,S12,T1,6.912,5.823,4.154,
3372,S12,T1,2.981,2.958,2.414,
3373,S12,T1,1.6,2.006,1.21,
3374,S12,T1,100,100,100,do not have the full colony on the pic
3375,S12,T1,20.263,19.571,22.263,
3376,S12,T1,2.254,2.733,2.39,
3377,S12,T1,3.485,3.591,3.713,
3378,S12,T1,100,100,100,do not have the full colony on the pic
3379,S12,T1,14.83,15.328,11.791,
3380,S12,T1,25.925,25.518,16.298,
3381,S12,T1,100,100,100,do not have the full colony on the pic
3382,S12,T1,9.816,9.705,9.888,
3383,S12,T1,10.258,7.971,5.069,
3384,S12,T1,20.318,16.528,13.914,
3385,S12,T1,18.486,18.36,20.436,
3386,S12,T1,0.929,0.822,0.597,
3387,S12,T1,100,100,100,do not have the full colony on the pic
3388,S12,T1,1.95,2.119,1.942,
3389,S12,T1,0.739,0.551,0.616,
3390,S12,T1,0.838,0.974,0.787,
3391,S12,T1,2.79,2.724,2.53,
3392,S12,T1,8.179,7.689,7.587,
3393,S12,T1,17.877,15.809,13.995,
3394,S12,T1,2.675,2.48,1.066,
3395,S12,T1,0.702,0.773,0.318,
3396,S12,T1,2.005,2.022,1.207,
3397,S12,T1,1.447,1.238,1.53,
3398,S12,T1,23.28,23.781,12.842,
3399,S12,T1,100,100,100,do not have the full colony on the pic
3400,S12,T1,16.386,12.984,14.687,
3401,S12,T1,1.955,1.667,1.339,
3402,S12,T1,1.797,1.793,0.929,
3403,S12,T1,12.631,12.469,6.857,
3404,S12,T1,2.594,2.613,2.317,
3405,S12,T1,1.548,1.583,1.227,
3406,S12,T1,7.957,7.662,6.006,
3407,S12,T1,2.472,2.663,1.903,
3408,S12,T1,5.534,5.966,4.641,
3409,S12,T1,11.62,10.066,9.24,
3410,S12,T1,100,100,100,do not have the full colony on the pic
3411,S12,T1,100,100,100,do not have the full colony on the pic
3412,S12,T1,1.491,1.465,1.206,
3413,S12,T1,18.337,17.181,12.288,
3414,S12,T1,100,100,100,do not have the full colony on the pic
3415,S12,T1,2.053,2.663,1.175,
3416,S12,T1,3.119,2.937,2.549,
3417,S12,T1,100,100,100,do not have the full colony on the pic
3418,S12,T1,16.326,16.506,14.614,
3419,S12,T1,100,100,100,do not have the full colony on the pic
3420,S12,T1,0.841,0.834,0.848,
3421,S12,T1,17.097,17.35,12.892,
3422,S12,T1,2.102,2.136,1.663,
3423,S12,T1,15.416,14.658,10.793,
3424,S12,T1,100,100,100,do not have the full colony on the pic
3425,S12,T1,20.317,12.811,9.864,
3426,S12,T1,100,100,100,do not have the full colony on the pic
3427,S12,T1,0.753,0.874,0.557,
3428,S12,T1,0.981,0.95,0.51,
3429,S12,T1,13.562,13.575,15.166,
3430,S12,T1,2.054,1.968,2.037,
3431,S12,T1,2.457,3.004,1.591,
3432,S12,T1,15.342,14.364,15.847,
3433,S12,T1,1.19,1.498,1.117,
3434,S12,T1,1.292,1.159,0.611,
3435,S12,T1,6.633,7.709,3.111,
3436,S12,T1,10.655,8.076,4.514,
3437,S12,T1,100,100,100,do not have the full colony on the pic
3438,S12,T1,31.29,29.923,8.245,
3439,S12,T1,12.248,16.053,9.795,
3440,S12,T1,100,100,100,do not have the full colony on the pic
3466,S12,T1,100,100,100,do not have the full colony on the pic
3467,S12,T1,100,100,100,do not have the full colony on the pic
3468,S12,T1,19.531,20.929,15.696,
3469,S12,T1,8.85,8.809,5.656,
3470,S12,T1,23.472,28.368,10.269,
3441,S12,T2,21.008,26.972,18.463,
3442,S12,T2,26.839,30.302,26.37,
3443,S12,T2,24.839,25.973,14.724,
3444,S12,T2,18.965,18.437,11.653,
3445,S12,T2,2.229,1.807,0.965,
3446,S12,T2,2.03,2.282,1.238,
3447,S12,T2,1.439,1.119,1.29,
3448,S12,T2,23.752,27.111,13.484,
3449,S12,T2,3.996,3.329,2.069,
3450,S12,T2,2.145,1.783,1.467,
3451,S12,T2,2.344,2.38,2.197,
3452,S12,T2,23.474,18.288,9.657,
3453,S12,T2,100,100,100,do not have the full colony on the pic
3454,S12,T2,16.166,16.118,12.739,
3455,S12,T2,100,100,100,do not have the full colony on the pic
3456,S12,T2,22.338,22.383,23.89,
3457,S12,T2,19.646,16.13,16.283,
3458,S12,T2,39.584,40.251,18.401,
3459,S12,T2,0.869,0.908,0.517,
3460,S12,T2,15.463,16.416,14.932,
3461,S12,T2,1.282,1.513,1.038,
3462,S12,T2,2.629,2.21,1.701,
3463,S12,T2,6.768,7.295,3.789,
3464,S12,T2,18.457,14.682,13.813,
3465,S12,T2,9.904,8.484,9.342,
3471,S12,T2,0.849,1.283,0.739,
3472,S12,T2,5.229,4.049,4.695,
3473,S12,T2,1.905,1.9,1.097,
3474,S12,T2,2.097,2.175,2.204,
3475,S12,T2,20.58,17.643,12.84,
3476,S12,T2,1.096,0.952,0.753,
3477,S12,T2,5.541,5.423,4.835,
3478,S12,T2,14.301,13.902,15.374,
3479,S12,T2,18.397,17.518,13.136,
3480,S12,T2,11.695,12.38,9.103,
3481,S12,T2,1.197,1.436,1.27,
3482,S12,T2,50.158,37.034,33.744,
3483,S12,T2,3.1,3.546,2.581,
3484,S12,T2,1.909,1.579,0.914,
3485,S12,T2,1.322,0.98,0.842,
3486,S12,T2,1.534,1.339,0.861,
3487,S12,T2,1.067,0.977,0.954,
3488,S12,T2,100,100,100,do not have the full colony on the pic
3489,S12,T2,9.65,8.984,7.695,
3490,S12,T2,2.733,3.174,2.321,
3491,S12,T2,2.298,2.072,1.615,
3492,S12,T2,23.024,27.658,13.838,
3493,S12,T2,3.294,2.173,3.184,
3494,S12,T2,1.923,1.626,0.858,
3500,S12,T2,5.13,4.087,2.986,
3502,S12,T2,1.168,1.182,0.822,
3503,S12,T2,4.464,4.221,3.196,
3505,S12,T2,1.552,1.71,1.302,
3521,S12,T2,1.653,1.374,1.01,
3522,S12,T2,100,100,100,do not have the full colony on the pic
3525,S12,T2,1.788,2.147,1.409,
3526,S12,T2,100,100,100,do not have the full colony on the pic
3527,S12,T2,1.532,1.792,1.377,
3528,S12,T2,0.539,0.405,0.354,
3529,S12,T2,13.45,13.086,9.959,
3530,S12,T2,2.138,1.522,1.452,
3651,S12,T2,15.418,14.956,13.912,
3652,S12,T2,0.859,0.865,0.749,
3653,S12,T2,8.043,6.616,4.812,
3654,S12,T2,1.1,1.068,1.077,
3655,S12,T2,10.013,9.769,6.385,
3656,S12,T2,3.762,3.949,3.537,
3657,S12,T2,1.879,1.9,1.132,
3658,S12,T2,8.786,7.78,7.062,
3659,S12,T2,10.462,9.098,3.275,
3660,S12,T2,1.363,1.698,1.091,
3661,S12,T2,1.979,2.155,1.793,
3662,S12,T2,1.027,1.412,0.736,
3664,S12,T2,0.778,0.659,0.386,
3665,S12,T2,0.98,0.897,1.023,
3666,S12,T2,1.623,1.624,1.119,
3667,S12,T2,15.232,15.085,14.211,
3668,S12,T2,18.065,17.493,12.313,
3669,S12,T2,29.917,31.877,21.723,
3670,S12,T2,28.224,18.885,24.577,
3671,S12,T2,3.066,3.136,1.838,
3672,S12,T2,4.651,4.618,2.716,
3673,S12,T2,21.377,20.234,14.106,
3674,S12,T2,7.3,5.685,3.779,
3675,S12,T2,15.663,15.569,12.488,
3676,S12,T2,22.083,25.017,13.991,
3677,S12,T2,4.247,3.712,2.747,
3678,S12,T2,3.542,3.35,2.952,
3679,S12,T2,13.598,18.564,15.766,
3680,S12,T2,26.964,23.883,13.889,
2912,S12,T3,1.261,1.359,1.202,
2914,S12,T3,1.291,1.17,0.745,
2915,S12,T3,46.717,38.355,38.067,
2916,S12,T3,4.195,3.933,4.407,
2917,S12,T3,11.829,13.759,10.404,
2918,S12,T3,2.168,1.655,1.547,
2919,S12,T3,2.805,2.895,2.213,
2920,S12,T3,2.339,2.343,1.814,
2921,S12,T3,1.575,1.742,0.384,
2924,S12,T3,0.615,0.704,0.426,
2925,S12,T3,5.781,5.852,3.558,
2926,S12,T3,10.413,9.886,10.865,
3495,S12,T3,1.546,1.312,0.762,
3496,S12,T3,0.829,0.945,0.775,
3497,S12,T3,15.634,17.098,14.274,
3498,S12,T3,2.131,1.713,1.281,
3499,S12,T3,29.335,24.807,18.056,
3501,S12,T3,11.817,13.846,12.087,
3504,S12,T3,12.693,11.738,6.723,
3506,S12,T3,1.753,1.545,1.572,
3507,S12,T3,20.481,18.735,17.881,
3508,S12,T3,0.956,0.961,0.682,
3509,S12,T3,0.775,0.891,0.616,
3510,S12,T3,1.867,1.864,1.856,
3511,S12,T3,16.475,13.872,8.859,
3512,S12,T3,20.287,17.168,13.14,
3513,S12,T3,2.742,2.902,2.781,
3514,S12,T3,19.604,19.718,15.833,
3515,S12,T3,100,100,100,do not have the full colony on the pic
3516,S12,T3,10.741,10.552,7.309,
3517,S12,T3,22.654,20.759,13.925,
3518,S12,T3,2.128,2.075,1.203,
3519,S12,T3,1.364,1.076,0.847,
3520,S12,T3,1.807,1.811,1.698,
3523,S12,T3,7.093,7.319,6.51,
3524,S12,T3,2.388,2.458,2.464,
3561,S12,T3,7.029,6.214,5.811,
3562,S12,T3,13.246,12.659,13.293,
3563,S12,T3,0.58,0.698,0.599,
3564,S12,T3,100,100,100,do not have the full colony on the pic
3565,S12,T3,1.692,1.846,1.811,
3566,S12,T3,18.254,18.36,15.272,
3567,S12,T3,10.747,10.845,11.353,
3568,S12,T3,26.604,22.745,23.266,
3569,S12,T3,2.012,2.832,2.164,
3570,S12,T3,1.114,0.889,0.58,
3571,S12,T3,4.07,4.684,2.553,
3572,S12,T3,25.272,23.27,17.873,
3573,S12,T3,2.746,2.865,1.914,
3574,S12,T3,2.41,2.583,1.736,
3575,S12,T3,2.376,2.449,2.237,
3576,S12,T3,2.334,2.348,1.495,
3577,S12,T3,2.031,1.9,1.406,
3578,S12,T3,11.632,12.828,8.432,
3579,S12,T3,100,100,100,do not have the full colony on the pic
3580,S12,T3,1.864,1.579,1.412,
3581,S12,T3,1.558,1.686,1.726,
3582,S12,T3,29.868,21.031,16.265,
3583,S12,T3,3.26,3.431,3.63,
3584,S12,T3,13.356,12.036,11.419,
3585,S12,T3,1.749,1.465,1.126,
3586,S12,T3,1.84,1.92,1.137,
3587,S12,T3,8.523,9.468,3.728,
3588,S12,T3,13.559,12.733,9.877,
3589,S12,T3,18.61,19.808,18.505,
3590,S12,T3,100,100,100,"colony fragmented, no data extracted"
3618,S12,T3,8.609,7.35,7.037,
3619,S12,T3,16.267,12.956,13.052,
3620,S12,T3,1.535,1.877,1.546,
3531,S14,T1,100,100,100,do not have the full colony on the pic
3532,S14,T1,5.219,3.921,4.648,
3533,S14,T1,100,100,100,do not have the full colony on the pic
3534,S14,T1,13.003,14.56,10.323,
3535,S14,T1,2.192,1.437,1.945,
3536,S14,T1,20.474,23.147,10.673,
3537,S14,T1,11.599,11.704,12.067,
3538,S14,T1,0.702,0.741,0.49,
3539,S14,T1,14.496,14.991,13.55,
3540,S14,T1,31.613,31.031,30.851,
3541,S14,T1,100,100,100,do not have the full colony on the pic
3542,S14,T1,40.805,31.636,18.503,
3543,S14,T1,1.29,1.616,1.149,
3544,S14,T1,1.979,1.663,1.271,
3545,S14,T1,2.258,1.778,1.358,
3546,S14,T1,100,100,100,do not have the full colony on the pic
3547,S14,T1,1.466,1.844,1.331,
3548,S14,T1,13.784,10.888,9.142,
3549,S14,T1,100,100,100,do not have the full colony on the pic
3550,S14,T1,3.206,2.954,2.119,
3551,S14,T1,7.816,5.979,4.586,
3552,S14,T1,100,100,100,do not have the full colony on the pic
3554,S14,T1,13.995,11.368,8.735,
3555,S14,T1,9.156,6.767,5.711,
3556,S14,T1,100,100,100,do not have the full colony on the pic
3557,S14,T1,22.775,33.669,28.126,
3558,S14,T1,5.691,5.349,3.691,
3559,S14,T1,100,100,100,do not have the full colony on the pic
3560,S14,T1,27.308,20.897,20.077,
3591,S14,T1,5.713,5.415,4.714,
3592,S14,T1,1.058,1.763,0.971,
3593,S14,T1,100,100,100,do not have the full colony on the pic
3594,S14,T1,15.018,13.918,12.733,
3595,S14,T1,1.103,1.072,0.74,
3596,S14,T1,3.661,3.28,2.871,
3597,S14,T1,2.016,1.724,1.182,
3598,S14,T1,2.926,2.076,2.501,
3599,S14,T1,1.077,0.959,1.176,
3600,S14,T1,3.558,3.355,3,
3601,S14,T1,3.974,3.776,4.166,
3602,S14,T1,100,100,100,do not have the full colony on the pic
3603,S14,T1,20.223,16.506,11.126,
3604,S14,T1,19.763,22.474,13.737,
3605,S14,T1,100,100,100,do not have the full colony on the pic
3606,S14,T1,22.542,24.682,18.566,
3607,S14,T1,100,100,100,do not have the full colony on the pic
3608,S14,T1,18.045,16.937,16.954,
3609,S14,T1,100,100,100,do not have the full colony on the pic
3610,S14,T1,18.27,13.499,13.111,
3611,S14,T1,6.428,6.321,4.907,
3612,S14,T1,19.422,30.895,25.085,
3613,S14,T1,100,100,100,do not have the full colony on the pic
3614,S14,T1,28.447,30.181,20.717,
3615,S14,T1,0.938,0.858,0.412,
3616,S14,T1,12.032,12.32,11.179,
3617,S14,T1,100,100,100,do not have the full colony on the pic
3621,S14,T1,25.941,24.143,24.201,
3622,S14,T1,16.938,14.034,14.533,
3623,S14,T1,27.254,20.944,15.636,
3624,S14,T1,2.995,2.795,2.22,
3625,S14,T1,13.704,12.872,8.481,
3626,S14,T1,11.072,10.616,8.928,
3627,S14,T1,27.629,27.921,10.754,
3628,S14,T1,18.019,16.684,18.817,
3629,S14,T1,35.31,39.369,16.228,
3630,S14,T1,20.391,18.733,19.53,
3631,S14,T1,3.808,3.854,1.735,
3632,S14,T1,5.998,5.827,4.424,
3633,S14,T1,3.835,3.07,3.074,
3634,S14,T1,1.98,1.992,2.053,
3635,S14,T1,1.657,1.335,0.703,
3636,S14,T1,5.616,4.447,4.201,
3637,S14,T1,14.432,17.714,12.021,
3638,S14,T1,1.978,1.954,1.857,
3639,S14,T1,17.869,21.243,20.921,
3640,S14,T1,13.044,14.113,6.639,
3641,S14,T1,10.895,9.97,10.902,
3642,S14,T1,1.158,1.059,0.921,
3643,S14,T1,1.993,2.04,1.141,
3644,S14,T1,5.247,5.332,3.731,
3645,S14,T1,15.601,15.62,12.423,
3646,S14,T1,16.942,14.719,13.279,
3647,S14,T1,3.809,3.526,2.234,
3648,S14,T1,12.321,12.058,5.327,
3649,S14,T1,100,100,100,do not have the full colony on the pic
3650,S14,T1,33.014,34.287,12.271,
3706,S14,T1,19.397,17.921,14.029,
3707,S14,T1,15.39,17.529,14.128,
3708,S14,T1,4.656,4.717,2.445,
3709,S14,T1,1.384,1.736,0.827,
3710,S14,T1,20.239,15.523,15.607,
3711,S14,T1,1.063,0.905,0.562,
3712,S14,T1,100,100,100,do not have the full colony on the pic
3713,S14,T1,2.314,2.423,1.719,
3714,S14,T1,100,100,100,do not have the full colony on the pic
3715,S14,T1,11.968,12.474,7.165,
3716,S14,T1,1.984,1.598,0.584,
3717,S14,T1,15.672,19.619,14.768,
3718,S14,T1,7.429,5.996,4.24,
3719,S14,T1,12.936,15.66,7.682,
3720,S14,T1,1.193,1.121,0.478,
3721,S14,T1,0.88,0.82,0.423,
3722,S14,T1,1.349,1.259,0.801,
3723,S14,T1,1.856,1.845,1.699,
3724,S14,T1,16.691,15.169,13.9,
3725,S14,T1,21.986,18.55,19.184,
3726,S14,T1,100,100,100,do not have the full colony on the pic
3727,S14,T1,11.665,10.406,8.788,
3728,S14,T1,10.057,9.42,4.222,
3729,S14,T1,9.986,8.804,4.83,
3730,S14,T1,1.867,1.541,1.333,
3731,S14,T1,27.479,24.544,13.374,
3732,S14,T1,19.897,16.897,13.264,
3681,S14,T2,37.807,38.017,23.879,
3682,S14,T2,3.595,3.632,1.195,
3683,S14,T2,30.988,23.124,26.67,
3684,S14,T2,19.224,18.806,10.653,
3685,S14,T2,27.29,21.207,16.737,
3686,S14,T2,12.645,13.986,13.17,
3687,S14,T2,1.106,0.725,0.864,
3688,S14,T2,9.437,10.576,6.002,
3689,S14,T2,3.38,3.306,2.211,
3690,S14,T2,1.011,1.072,0.644,
3691,S14,T2,2.382,2.896,2.227,
3692,S14,T2,100,100,100,do not have the full colony on the pic
3693,S14,T2,12.649,12.448,7.979,
3694,S14,T2,27.293,24.293,18.722,
3695,S14,T2,28.437,29.182,11.052,
3696,S14,T2,1.024,1.041,0.83,
3697,S14,T2,2.739,2.78,2.302,
3698,S14,T2,100,100,100,do not have the full colony on the pic
3699,S14,T2,1.181,0.776,0.68,
3700,S14,T2,20.557,18.888,20.047,
3701,S14,T2,100,100,100,do not have the full colony on the pic
3702,S14,T2,100,100,100,do not have the full colony on the pic
3703,S14,T2,8.172,9.323,3.714,
3704,S14,T2,27.133,31.118,25.162,
3705,S14,T2,18.715,19.193,10.456,
3733,S14,T2,1.19,1.235,1.107,
3734,S14,T2,1.94,2.033,1.443,
3735,S14,T2,100,100,100,do not have the full colony on the pic
3736,S14,T2,100,100,100,do not have the full colony on the pic
3737,S14,T2,4.802,4.604,3.324,
3738,S14,T2,100,100,100,do not have the full colony on the pic
3739,S14,T2,0.903,0.735,0.554,
3740,S14,T2,1.419,1.518,1.133,
3741,S14,T2,100,100,100,do not have the full colony on the pic
3742,S14,T2,1.748,1.991,1.394,
3743,S14,T2,100,100,100,do not have the full colony on the pic
3744,S14,T2,13.502,13.424,8.906,
3745,S14,T2,1.923,1.54,1.591,
3746,S14,T2,4.205,4.202,3.01,
3747,S14,T2,0.813,0.756,0.4,
3748,S14,T2,2.623,2.452,1.952,
3749,S14,T2,12.612,13.821,9.866,
3750,S14,T2,4.908,5.194,4.384,
3751,S14,T2,3.935,3.656,2.187,
3752,S14,T2,45.877,44.399,43.169,
3753,S14,T2,20.755,24.122,16.061,
3754,S14,T2,2.767,2.681,2.165,
3755,S14,T2,0.86,0.553,0.354,
3756,S14,T2,8.945,9.298,4.971,
3757,S14,T2,35.46,32.216,12.619,
3758,S14,T2,1.599,1.553,1.225,
3759,S14,T2,28.578,25.196,18.711,
3760,S14,T2,1.756,1.902,1.627,
3761,S14,T2,20.573,22.086,14.974,
3762,S14,T2,20.258,17.137,15.172,
3763,S14,T2,0.788,0.755,0.523,
3764,S14,T2,0.957,0.968,0.696,
3765,S14,T2,100,100,100,do not have the full colony on the pic
3766,S14,T2,100,100,100,do not have the full colony on the pic
3767,S14,T2,4.289,4.943,3.358,
3768,S14,T2,0.445,0.474,0.393,
3769,S14,T2,13.76,14.234,13.956,
3770,S14,T2,0.767,0.761,0.557,
3771,S14,T2,100,100,100,do not have the full colony on the pic
3772,S14,T2,3.567,3.44,1.271,
3833,S14,T2,17.05,17.489,13.32,
3834,S14,T2,7.188,6.866,6.238,
38340,S14,T2,6.233,7.143,3.166,
3835,S14,T2,100,100,100,do not have the full colony on the pic
3836,S14,T2,100,100,100,do not have the full colony on the pic
3837,S14,T2,11.959,13.68,9.39,
3838,S14,T2,17.794,20.055,11.322,
3839,S14,T2,0.578,0.566,0.546,
3840,S14,T2,11.939,12.08,8.906,
3841,S14,T2,9.594,8.817,8.553,
3842,S14,T2,11.683,9.378,6.203,
3843,S14,T2,20.03,19.825,16.397,
3844,S14,T2,100,100,100,do not have the full colony on the pic
3845,S14,T2,4.03,3.622,1.892,
3846,S14,T2,0.85,0.729,0.815,
3847,S14,T2,18.393,19.958,12.768,
3848,S14,T2,100,100,100,do not have the full colony on the pic
3849,S14,T2,15.807,11.262,9.816,
3850,S14,T2,1.665,1.522,0.826,
3851,S14,T2,0.671,0.562,0.514,
3852,S14,T2,100,100,100,do not have the full colony on the pic
3853,S14,T2,100,100,100,do not have the full colony on the pic
3854,S14,T2,20.183,18.726,13.449,
3855,S14,T2,2.935,3.413,2.21,
3856,S14,T2,1.553,1.693,1.682,
3857,S14,T2,20.778,19.115,16.287,
3858,S14,T2,2.392,2.738,1.674,
3859,S14,T2,100,100,100,do not have the full colony on the pic
3860,S14,T2,1.05,0.996,0.647,
3861,S14,T2,100,100,100,do not have the full colony on the pic
3862,S14,T2,2.411,2.879,1.917,
3863,S14,T2,100,100,100,do not have the full colony on the pic
3864,S14,T2,100,100,100,do not have the full colony on the pic
3865,S14,T2,8.717,7.743,7.913,
3866,S14,T2,100,100,100,do not have the full colony on the pic
3867,S14,T2,23.013,19.268,21.297,
3868,S14,T2,100,100,100,do not have the full colony on the pic
3869,S14,T2,13.979,12.833,14.631,
3870,S14,T2,100,100,100,do not have the full colony on the pic
3871,S14,T2,21.109,23.407,20.984,
3872,S14,T2,1.079,1.321,0.739,
3873,S14,T2,10.354,12.877,6.97,
3874,S14,T2,3.093,2.048,2.423,
3875,S14,T2,5.824,5.306,2.162,
3876,S14,T2,2.888,2.723,2.673,
3877,S14,T2,100,100,100,do not have the full colony on the pic
3878,S14,T2,100,100,100,do not have the full colony on the pic
3879,S14,T2,24.398,22.315,14.251,
3880,S14,T2,100,100,100,do not have the full colony on the pic
3881,S14,T2,18.998,17.586,11.96,
3882,S14,T2,2.275,2.445,1.783,
3883,S14,T2,3.935,4.602,2.948,
3884,S14,T2,1.033,0.929,0.435,
3885,S14,T2,100,100,100,do not have the full colony on the pic
3886,S14,T2,18.653,19.931,17.722,
3887,S14,T2,13.013,13.579,13.045,
3888,S14,T2,13.923,12.468,5.316,
3889,S14,T2,14.406,14.967,12.87,
3773,S14,T3,100,100,100,do not have the full colony on the pic
3774,S14,T3,10.239,11.512,11.074,
3775,S14,T3,100,100,100,do not have the full colony on the pic
3776,S14,T3,5.03,4.909,2.295,
3777,S14,T3,17.491,17.893,14.116,
3778,S14,T3,25.151,28.676,19.314,
3779,S14,T3,15.393,9.955,10.672,
3780,S14,T3,100,100,100,do not have the full colony on the pic
3781,S14,T3,9.722,6.953,8.493,
3782,S14,T3,100,100,100,do not have the full colony on the pic
3783,S14,T3,18.888,14.237,11.883,
3784,S14,T3,20.78,19.713,11.54,
3785,S14,T3,6.64,6.042,3.548,
3786,S14,T3,17.655,14.893,8.984,
3787,S14,T3,2.287,2.512,1.331,
3788,S14,T3,12.884,14.762,10.594,
3789,S14,T3,100,100,100,do not have the full colony on the pic
3790,S14,T3,100,100,100,do not have the full colony on the pic
3791,S14,T3,22.487,18.931,16.887,
3792,S14,T3,100,100,100,do not have the full colony on the pic
3793,S14,T3,9.236,7.426,4.797,
3794,S14,T3,11.564,12.953,11.45,
3795,S14,T3,11.527,11.019,10.314,
3796,S14,T3,7.432,7.891,7.493,
3797,S14,T3,10.998,8.864,6.116,
3798,S14,T3,22.166,17.486,15.95,
3799,S14,T3,100,100,100,do not have the full colony on the pic
3800,S14,T3,12.11,9.13,7.422,
3801,S14,T3,23.263,25.017,13.559,
3802,S14,T3,12.655,10.622,9.04,
3803,S14,T3,23.362,26.933,20.507,
3804,S14,T3,13.686,10.493,13.724,
3805,S14,T3,2.976,3.342,2.786,
3806,S14,T3,50.276,30.505,21.102,
3807,S14,T3,15.817,17.562,18.326,
3808,S14,T3,2.998,2.948,2.476,
3809,S14,T3,1.172,1.163,0.795,
3810,S14,T3,3.316,2.936,2.43,
3811,S14,T3,27.697,25.714,20.236,
3812,S14,T3,100,100,100,do not have the full colony on the pic
3813,S14,T3,27.704,24.75,17.803,
3814,S14,T3,100,100,100,do not have the full colony on the pic
3815,S14,T3,17.181,14.434,8.184,
3816,S14,T3,17.392,18.668,13.113,
3817,S14,T3,20.539,18.695,11.263,
3818,S14,T3,1.578,1.096,0.795,
3819,S14,T3,0.579,0.648,0.445,
3820,S14,T3,4.185,3.952,3.38,
3821,S14,T3,6.93,8.209,2.905,
3822,S14,T3,13.857,12.499,9.803,
3823,S14,T3,10.671,9.318,9.099,
3824,S14,T3,18.425,19.495,13.385,
3825,S14,T3,8.857,8.315,7.787,
3826,S14,T3,100,100,100,do not have the full colony on the pic
3827,S14,T3,5.55,5.582,5.23,
3828,S14,T3,23.704,18.595,14.404,
3829,S14,T3,100,100,100,do not have the full colony on the pic
3830,S14,T3,5.069,4.466,3.322,
3831,S14,T3,100,100,100,do not have the full colony on the pic
3832,S14,T3,31.354,24.534,25.925,
3890,S14,T3,1.4,1.194,1.147,
3891,S14,T3,9.683,9.433,5.729,
3892,S14,T3,13.735,12.586,9.566,
3893,S14,T3,100,100,100,do not have the full colony on the pic
3894,S14,T3,20.688,18.708,12.063,
3895,S14,T3,23.364,20.517,15.328,
3896,S14,T3,100,100,100,do not have the full colony on the pic
3897,S14,T3,7.577,6.353,4.849,
3898,S14,T3,7.763,8.383,5.521,
3899,S14,T3,2.212,1.978,0.501,
3900,S14,T3,42.107,38.518,19.939,
3901,S14,T3,1.794,1.774,1.423,
3902,S14,T3,1.69,1.654,1.217,
3903,S14,T3,23.781,17.637,14.708,
3904,S14,T3,1.22,1.104,0.752,
3905,S14,T3,100,100,100,do not have the full colony on the pic
3906,S14,T3,0.379,0.369,0.244,
3907,S14,T3,5.393,5.209,3.338,
3908,S14,T3,0.905,1.096,0.7,
3909,S14,T3,12.241,10.955,7.52,
3910,S14,T3,4.547,4.074,2.071,
3911,S14,T3,18.947,18.203,16.894,
3912,S14,T3,13.177,10.238,8.531,
3913,S14,T3,5.413,5.788,5.353,
3914,S14,T3,1.37,1.556,0.585,
3915,S14,T3,2.464,2.56,1.641,
3916,S14,T3,5.8,6.626,1.369,
3917,S14,T3,100,100,100,do not have the full colony on the pic
3918,S14,T3,1.952,1.729,1.559,
3919,S14,T3,0.779,0.906,0.539,
3925,S14,T3,4.987,4.361,3.82,
3926,S14,T3,1.138,1.316,0.791,
3927,S14,T3,6.825,6.207,3.944,
3928,S14,T3,15.21,15.229,15.338,
3929,S14,T3,5.056,5.259,5.072,
3930,S14,T3,26.317,25.687,25.786,
3931,S14,T3,19.596,18.156,17.467,
3932,S14,T3,4.504,3.644,1.954,
3933,S14,T3,18.855,19.168,13.409,
3934,S14,T3,19.861,19.673,16.32,
3935,S14,T3,34.847,29.876,15.785,
3936,S14,T3,100,100,100,do not have the full colony on the pic
3937,S14,T3,100,100,100,do not have the full colony on the pic
3938,S14,T3,5.058,4.97,3.378,
3939,S14,T3,1.251,1.386,1.268,
3940,S14,T3,17.425,17.629,17.5,
3941,S14,T3,5.366,4.856,2.848,
3942,S14,T3,1.504,1.143,0.826,
3943,S14,T3,23.211,18.585,15.825,
3944,S14,T3,2.26,2.402,1.567,
3945,S14,T3,3.511,4.659,2.882,
3946,S14,T3,1.483,1.376,1.166,
3947,S14,T3,100,100,100,do not have the full colony on the pic
3948,S14,T3,1.553,1.651,0.881,
3949,S14,T3,1.871,2.214,1.58,
3950,S14,T3,1.886,1.585,0.748,
1317,S15,T1,17.782,19.127,19.181,
1318,S15,T1,37.819,29.097,21.772,
1319,S15,T1,2.875,2.804,0.969,
1320,S15,T1,25.465,24.296,15.672,
1321,S15,T1,28.253,29.604,21.852,
1322,S15,T1,0.895,0.736,0.619,
1324,S15,T1,2.085,1.875,1.161,
1325,S15,T1,7.075,4.831,4.847,
1348,S15,T1,1.438,1.91,1.055,
1384,S15,T1,11.463,11.472,6.367,
1385,S15,T1,33.689,33.201,27.355,
1386,S15,T1,100,100,100,do not have the full colony on the pic
1387,S15,T1,11.707,12.307,12.018,
1388,S15,T1,1.972,1.528,1.717,
1389,S15,T1,0.555,0.65,0.412,
1390,S15,T1,0.409,0.464,0.287,
1391,S15,T1,3.337,3.655,3.236,
1392,S15,T1,42.197,31.362,19.777,
1393,S15,T1,14.69,12.092,6.524,
1394,S15,T1,24.869,26.498,22.737,
1395,S15,T1,4.968,4.712,4.35,
1396,S15,T1,19.364,19.831,14.528,
1397,S15,T1,24.277,20.231,6.731,
1398,S15,T1,35.063,33.425,27.702,
1399,S15,T1,19.168,16.803,18.043,
1400,S15,T1,17.613,18.681,14.937,
1401,S15,T1,9.204,8.306,3.944,
1402,S15,T1,4.624,4.653,2.74,
1403,S15,T1,9.341,9.18,6.755,
1404,S15,T1,1.967,2.012,1.256,
1405,S15,T1,2.318,1.678,1.724,
1406,S15,T1,1.924,1.756,1.324,
1407,S15,T1,26.727,28.352,18.788,
1408,S15,T1,1.502,1.417,0.911,
1409,S15,T1,13.121,11.935,6.503,
1410,S15,T1,1.8,1.69,1.681,
1411,S15,T1,1.384,1.361,0.869,
1412,S15,T1,100,100,100,do not have the full colony on the pic
1413,S15,T1,40.039,36.98,32.267,
1414,S15,T1,100,100,100,do not have the full colony on the pic
1415,S15,T1,100,100,100,do not have the full colony on the pic
1416,S15,T1,2.73,2.644,2.235,
1417,S15,T1,3.413,2.747,3.333,
1418,S15,T1,10.257,9.033,6.602,
1420,S15,T1,100,100,100,do not have the full colony on the pic
1421,S15,T1,9.877,9.106,4.252,
1422,S15,T1,1.052,1.073,0.912,
1423,S15,T1,8.214,7.796,6.808,
1424,S15,T1,1.459,1.275,0.853,
1425,S15,T1,1.643,1.837,1.242,
1426,S15,T1,4.932,5.785,3.13,
1427,S15,T1,1.277,1.315,1.112,
1428,S15,T1,1.23,1.292,1.001,
1429,S15,T1,0.837,0.961,0.752,
1430,S15,T1,6.162,6.828,5.004,
1431,S15,T1,9.692,9.548,6.73,
1432,S15,T1,100,100,100,do not have the full colony on the pic
1433,S15,T1,1.621,1.927,1.341,
1434,S15,T1,1.523,1.668,1.241,
1435,S15,T1,20.269,17.071,14.28,
1436,S15,T1,0.914,0.775,0.628,
1437,S15,T1,0.685,0.608,0.473,
1438,S15,T1,24.096,24.303,23.589,
1439,S15,T1,12.233,9.588,9.307,
1440,S15,T1,4.382,5.107,2.545,
1441,S15,T1,0.744,0.769,0.767,
1442,S15,T1,12.057,10.795,11.719,
1443,S15,T1,1.555,1.643,1.328,
1444,S15,T1,2.05,1.352,1.2,
1445,S15,T1,14.348,13.518,11.337,
1446,S15,T1,1.899,1.662,1.787,
1447,S15,T1,0.421,0.412,0.359,
1448,S15,T1,1.868,1.556,0.996,
1449,S15,T1,11.672,11.338,8.621,
1450,S15,T1,28.789,38.866,19.317,
1451,S15,T1,27.8,24.077,21.667,
1453,S15,T1,3.03,2.901,3.434,
1460,S15,T1,1.888,1.58,1.014,
1461,S15,T1,1.115,0.797,0.681,
1495,S15,T1,11.417,10.995,8.51,
1496,S15,T1,17.699,18.558,12.497,
1497,S15,T1,18.612,18.721,19.043,
2046,S15,T2,13.331,13.497,12.249,
2047,S15,T2,1.858,1.845,1.24,
2048,S15,T2,0.845,0.981,0.725,
2049,S15,T2,16.133,14.8,14.057,
2050,S15,T2,30.312,27.601,23.429,
2051,S15,T2,1.428,1.621,1.423,
2052,S15,T2,4.108,3.897,2.614,
2054,S15,T2,7.97,7.116,5.856,
2055,S15,T2,0.898,0.688,0.38,
2056,S15,T2,0.802,0.486,0.447,
2057,S15,T2,100,100,100,"colony fragmented, no data extracted"
2058,S15,T2,2.301,2.306,2.065,
2059,S15,T2,16.959,18.211,17.63,
2060,S15,T2,19.184,16.567,13.025,
2061,S15,T2,1.64,1.609,1.719,
2062,S15,T2,19.885,20.476,14.476,
2063,S15,T2,20.032,20.922,18.166,
2064,S15,T2,21.458,21.711,19.245,
2065,S15,T2,1.46,1.219,0.851,
2066,S15,T2,5.584,5.013,4.302,
2067,S15,T2,0.545,0.544,0.299,
2068,S15,T2,22.562,22.285,20.379,
2069,S15,T2,4.276,3.972,2.59,
2070,S15,T2,19.758,19.295,13.678,
2071,S15,T2,2.751,2.589,2.594,
2072,S15,T2,5.221,5.076,3.446,
2073,S15,T2,31.931,33.435,31.832,
2074,S15,T2,0.418,0.436,0.371,
2075,S15,T2,5.647,6.247,5.409,
2076,S15,T2,23.205,22.56,18.714,
2077,S15,T2,1.078,0.968,0.591,
2078,S15,T2,13.957,12.762,14.548,
2079,S15,T2,0.331,0.34,0.354,
2080,S15,T2,4.609,3.201,3.487,
2171,S15,T2,3.018,2.578,1.656,
2176,S15,T2,22.371,21.538,20.867,
2177,S15,T2,8.181,7.559,6.043,
2178,S15,T2,27.617,24.084,20.652,
2179,S15,T2,10.436,9.039,6.806,
2180,S15,T2,1.392,1.501,0.842,
2181,S15,T2,4.071,4.096,4.292,
2182,S15,T2,13.032,13.034,10.855,
2183,S15,T2,5.061,4.481,4.556,
2184,S15,T2,14.564,13.305,14.678,
2185,S15,T2,15.218,9.601,9.419,
2186,S15,T2,13.556,11.879,14.438,
2187,S15,T2,1.295,1.304,1.171,
2188,S15,T2,22.574,21.547,15.987,
2189,S15,T2,0.674,0.656,0.535,
2190,S15,T2,4.522,3.788,3.923,
2191,S15,T2,1.212,1.309,0.887,
2192,S15,T2,25.343,23.949,27.392,
2193,S15,T2,8.071,8.514,8.34,
2194,S15,T2,100,100,100,do not have the full colony on the pic
2195,S15,T2,1.427,1.643,0.907,
2196,S15,T2,15.114,14.801,17.109,
2197,S15,T2,9.666,9.579,5.54,
2198,S15,T2,1.719,1.832,1.469,
2199,S15,T2,2.381,2.296,0.706,
2200,S15,T2,3.277,2.741,2.013,
2201,S15,T2,9.946,10.307,5.382,
2202,S15,T2,1.323,1.363,0.794,
2203,S15,T2,24.164,20.972,15.649,
2204,S15,T2,6.099,5.763,4.04,
2205,S15,T2,29.412,25.328,20.094,
2206,S15,T2,8.772,7.514,6.711,
2207,S15,T2,1.693,1.736,1.186,
2208,S15,T2,23.82,21.464,15.794,
2209,S15,T2,31.964,30.577,16.455,
2210,S15,T2,13.675,12.818,8.838,
2211,S15,T2,11.006,10.2,10.674,
2212,S15,T2,1.269,1.185,1.02,
2213,S15,T2,23.58,23.498,24.664,
2214,S15,T2,15.443,17.43,17.976,
2215,S15,T2,18.044,19.133,16.355,
2216,S15,T2,40.324,43.777,32.758,
2217,S15,T2,14.927,14.492,15.334,
2218,S15,T2,11.792,13.537,10.876,
2219,S15,T2,15.563,14.943,8.546,
2220,S15,T2,10.715,10.052,7.814,
2221,S15,T2,1.505,1.475,0.758,
2222,S15,T2,100,100,100,do not have the full colony on the pic
2223,S15,T2,17.097,16.347,18.648,
2224,S15,T2,39.422,34.085,35.333,
2225,S15,T2,20.027,20.503,14.306,
2081,S15,T3,1.185,1.266,1.108,
2082,S15,T3,0.861,0.897,0.604,
2083,S15,T3,1.203,1.277,1.243,
2084,S15,T3,2.676,1.805,1.257,
2325,S15,T3,5.213,4.683,4.74,
2326,S15,T3,10.247,10.421,4.285,
2327,S15,T3,1.723,1.712,1.257,
2328,S15,T3,1.169,1.024,0.886,
2329,S15,T3,2.206,2.017,2.115,
2330,S15,T3,13.372,11.473,9.463,
2331,S15,T3,1.908,1.998,1.93,
2332,S15,T3,16.572,15.184,15.564,
2333,S15,T3,100,100,100,do not have the full colony on the pic
2334,S15,T3,0.917,1.067,0.65,
2335,S15,T3,3.846,3.567,1.459,
2336,S15,T3,1.07,0.842,0.807,
2337,S15,T3,20.073,21.834,17.444,
2338,S15,T3,1.835,1.579,1.031,
2339,S15,T3,0.886,0.851,0.799,
2340,S15,T3,3.577,2.815,3.475,
2341,S15,T3,35.498,31.687,26.221,
2342,S15,T3,20.98,19.169,13.87,
2343,S15,T3,0.292,0.286,0.288,
2344,S15,T3,1.623,1.968,1.586,
2345,S15,T3,12.512,13.88,9.025,
2346,S15,T3,8.177,7.859,6.277,
2347,S15,T3,11.105,10.24,8.91,
2348,S15,T3,10.167,10.267,9.09,
2349,S15,T3,18.61,16.66,9.111,
2350,S15,T3,21.756,18.776,9.753,
2351,S15,T3,1.53,1.566,1.215,
2352,S15,T3,0.788,0.696,0.632,
2353,S15,T3,14.451,14.894,11.229,
2354,S15,T3,12.794,11.906,10.36,
2355,S15,T3,2.392,2.3,1.766,
2356,S15,T3,14.333,14.221,13.281,
2357,S15,T3,1.233,1.666,0.906,
2358,S15,T3,2.541,3.031,2.068,
2359,S15,T3,1.515,1.293,0.895,
2360,S15,T3,21.538,20.871,21.386,
2361,S15,T3,18.483,18.016,13.963,
2362,S15,T3,0.734,0.827,0.434,
2363,S15,T3,9.46,10.816,7.326,
2364,S15,T3,1.905,1.91,1.372,
2365,S15,T3,13.136,9.869,8.319,
2366,S15,T3,1.042,0.856,0.544,
2367,S15,T3,17.648,18.776,19.842,
2368,S15,T3,32.846,25.483,17.535,
2369,S15,T3,10.668,9.341,6.503,
2370,S15,T3,28.626,26.073,23.545,
2371,S15,T3,1.688,2.024,1.561,
2372,S15,T3,0.535,0.388,0.416,
2373,S15,T3,37.318,43.299,40.65,
2374,S15,T3,0.856,1.145,0.728,
2375,S15,T3,0.835,0.959,0.609,
2376,S15,T3,1,1.347,0.877,
2377,S15,T3,1.156,1.074,1.192,
2378,S15,T3,1.834,1.734,1.187,
2379,S15,T3,32.28,26.487,12.064,
2380,S15,T3,16.32,16.903,8.621,
2381,S15,T3,19.264,18.679,21.514,
2382,S15,T3,1.508,1.557,0.983,
2383,S15,T3,31.392,21.814,20.691,
2384,S15,T3,5.916,4.167,4.598,
2385,S15,T3,17.185,16.714,16.368,
2386,S15,T3,29.821,22.937,25.727,
2387,S15,T3,4.569,4.321,3.831,
2388,S15,T3,25.175,26.16,13.559,
2389,S15,T3,2.254,2.279,1.381,
2390,S15,T3,100,100,100,do not have the full colony on the pic
2391,S15,T3,7.716,8.772,7.795,
2392,S15,T3,0.636,0.812,0.39,
2393,S15,T3,22.159,19.942,23.672,
2394,S15,T3,12.839,15.562,14.798,
2395,S15,T3,15.617,16.685,12.559,
2396,S15,T3,19.559,18.778,18.276,
2397,S15,T3,17.041,14.807,7.157,
2398,S15,T3,18.292,19.458,17.23,
2399,S15,T3,30.954,31.391,31.299,
2400,S15,T3,19.45,18,17.177,
2401,S15,T3,1.157,1.132,0.606,
2402,S15,T3,41.589,47.621,43.293,
2403,S15,T3,1.452,1.124,0.943,
2404,S15,T3,11.041,10.519,6.516,
2405,S15,T3,14.604,14.113,11.986,
2406,S15,T3,8.826,8.468,6.626,
2407,S15,T3,2.53,2.527,2.297,
2408,S15,T3,26.147,24.079,18.435,
2409,S15,T3,16.037,15.23,13.627,
2410,S15,T3,5.082,5.769,5.557,
2411,S15,T3,16.437,14.904,12.162,
2412,S15,T3,10.202,11.827,6.172,
2413,S15,T3,0.613,0.56,0.4,
2414,S15,T3,1.976,2.13,1.865,
2415,S15,T3,1.732,2.06,1.119,
2416,S15,T3,3.055,3.104,1.785,
2417,S15,T3,10.889,10.989,11.902,
2418,S15,T3,0.567,0.938,0.471,
2419,S15,T3,11.432,10.647,8.525,
2420,S15,T3,2.396,1.355,1.637,
2421,S15,T3,28.034,20.808,26.601,
2422,S15,T3,0.842,0.629,0.476,
2423,S15,T3,1.46,1.402,1.292,
2424,S15,T3,13.451,12.69,12.971,
2425,S15,T3,1.047,1.021,0.633,
2426,S15,T3,15.111,14.182,12.249,
2427,S15,T3,0.562,0.737,0.463,
2428,S15,T3,9.278,8.77,6.313,
2429,S15,T3,11.671,9.696,9.232,
2430,S15,T3,3.781,3.89,3.975,
2431,S15,T3,0.983,0.786,0.795,
2432,S15,T3,22.877,23.094,19.297,
2433,S15,T3,21.031,20.749,19.282,
2434,S15,T3,14.198,13.918,8.55,
2435,S15,T3,46.574,45.531,16.796,
2436,S15,T3,2.097,1.871,1.875,
2437,S15,T3,12.314,11.098,10.149,
2438,S15,T3,100,100,100,do not have the full colony on the pic
2439,S15,T3,15.061,12.906,7.256,
2440,S15,T3,1.172,0.721,0.61,
2441,S15,T3,0.943,1.129,0.903,
2442,S15,T3,0.883,1.223,0.776,
2443,S15,T3,19.079,18.32,10.078,
2444,S15,T3,13.623,15.686,14.283,
2445,S15,T3,0.88,0.655,0.36,
2446,S15,T3,2.601,2.344,1.221,
2447,S15,T3,9.85,10.882,7.493,
2448,S15,T3,12.234,11.565,11.551,
2449,S15,T3,40.177,36.39,15.775,
2450,S15,T3,19.492,17.806,19.823,
2451,S15,T3,6.898,6.128,5.58,
2452,S15,T3,0.884,0.759,0.537,
2453,S15,T3,25.065,21.956,12.012,
2454,S15,T3,20.329,18.885,15.543,
2455,S18,T1,2.461,2.659,2.854,
2460,S18,T1,16.82,13.476,16.02,
2475,S18,T1,1.212,1.224,1.336,
2503,S18,T1,100,100,100,do not have the full colony on the pic
2504,S18,T1,9.352,12.303,9.113,
2505,S18,T1,16.039,15.177,7.342,
2558,S18,T1,6.465,5.035,4.315,
2559,S18,T1,1.694,1.492,1.631,
2560,S18,T1,13.624,11.611,6.41,
2561,S18,T1,18.054,15.944,19.271,
2562,S18,T1,13.729,14.075,12.52,
2563,S18,T1,100,100,100,do not have the full colony on the pic
2564,S18,T1,6.462,6.235,3.967,
2565,S18,T1,24.444,19.635,24.5,
2566,S18,T1,100,100,100,do not have the full colony on the pic
2567,S18,T1,3.053,2.959,2.973,
2568,S18,T1,2.905,2.599,2.233,
2569,S18,T1,12.648,15.317,14.399,
2570,S18,T1,100,100,100,do not have the full colony on the pic
2571,S18,T1,6.455,7.5,8.556,
2572,S18,T1,2.466,2.036,2.289,
2574,S18,T1,100,100,100,do not have the full colony on the pic
2575,S18,T1,5.672,5.358,4.139,
2576,S18,T1,2.714,2.053,2.678,
2577,S18,T1,10.09,8.051,9.065,
2578,S18,T1,14.183,15.005,14.693,
2579,S18,T1,3.034,3.074,1.879,
2580,S18,T1,11.648,8.429,8.828,
2581,S18,T1,8.694,11.296,8.825,
2582,S18,T1,1.575,1.566,1.528,
2583,S18,T1,2.21,1.849,1.956,
2584,S18,T1,100,100,100,do not have the full colony on the pic
2585,S18,T1,100,100,100,do not have the full colony on the pic
2586,S18,T1,1.307,1.197,0.933,
2587,S18,T1,1.531,1.76,1.558,
2588,S18,T1,9.735,9.073,6.649,
2589,S18,T1,100,100,100,do not have the full colony on the pic
2590,S18,T1,12.804,12.163,9.121,
2591,S18,T1,10.502,11.382,6.86,
2592,S18,T1,3.272,3.361,4.034,
2593,S18,T1,19.149,11.648,8.545,
2594,S18,T1,9.461,10.446,9.186,
2595,S18,T1,3.131,2.707,2.517,
2596,S18,T1,1.984,2.12,1.845,
2597,S18,T1,4.996,5.551,4,
2598,S18,T1,100,100,100,do not have the full colony on the pic
2599,S18,T1,11.052,11.274,9.444,
2600,S18,T1,19.052,18.122,17.564,
2601,S18,T1,1.072,1.022,0.778,
2911,S18,T2,5.104,5.398,4.294,
2922,S18,T2,1.78,1.61,1.54,
2923,S18,T2,1.526,1.548,1.23,
2927,S18,T2,3.152,2.848,2.725,
2928,S18,T2,17.253,15.087,11.187,
2929,S18,T2,13.487,15.162,10.374,
2930,S18,T2,7.051,8.214,8.111,
2931,S18,T2,7.854,7.743,8.622,
2932,S18,T2,1.206,1.313,0.952,
2933,S18,T2,3.079,3.169,3.011,
2934,S18,T2,0.886,1.199,0.845,
2935,S18,T2,30.664,17.232,16.445,
2937,S18,T2,2.287,2.091,1.361,
2938,S18,T2,100,100,100,do not have the full colony on the pic
2939,S18,T2,11.795,12.022,7.763,
2940,S18,T2,2.097,1.997,2.337,
2941,S18,T2,100,100,100,do not have the full colony on the pic
2942,S18,T2,4.114,3.033,3.824,
2943,S18,T2,2.573,2.425,2.53,
2944,S18,T2,11.043,10.982,9.155,
2945,S18,T2,4.175,3.175,2.633,
2946,S18,T2,11.918,11.064,11.369,
2947,S18,T2,15.543,13.873,14.67,
2948,S18,T2,14.424,13.067,14.104,
2949,S18,T2,100,100,100,do not have the full colony on the pic
2950,S18,T2,10.199,7.992,8.606,
2951,S18,T2,19.94,17.61,15.834,
2952,S18,T2,1.687,1.677,1.079,
2953,S18,T2,14.376,14.381,10.558,
2954,S18,T2,9.528,9.718,6.646,
2955,S18,T2,18.26,17.585,15.888,
2989,S18,T2,7.226,7.042,6.861,
2990,S18,T2,2.737,2.491,2.343,
32240,S18,T2,9.41,8.026,7.2,
32250,S18,T3,1.376,1.349,1.409,
3226,S18,T3,1.313,1.223,1.116,
3227,S18,T3,1.826,1.497,1.161,
32290,S18,T3,29.848,25.172,24.142,
3231,S18,T3,2.775,2.554,2.496,
3232,S18,T3,100,100,100,do not have the full colony on the pic
3233,S18,T3,2.994,2.213,2.797,
3234,S18,T3,3.03,2.735,2.121,
3235,S18,T3,1.389,1.631,1.919,
3238,S18,T3,18.21,18.125,18.812,
3239,S18,T3,1.146,1.181,0.847,
3240,S18,T3,3.131,2.817,1.303,
3253,S18,T3,3.33,3.311,2.772,
3254,S18,T3,26.724,23.757,21.9,
3255,S18,T3,11.357,10.08,10.327,
3256,S18,T3,11.339,10.001,10.092,
3257,S18,T3,1.85,2.135,1.339,
3259,S18,T3,3.392,3.11,1.999,
3260,S18,T3,100,100,100,do not have the full colony on the pic
3261,S18,T3,1.1,0.988,1.153,
3262,S18,T3,22.791,19.982,22.113,
3263,S18,T3,24.949,22.37,24.895,
3264,S18,T3,2.256,2.207,2.104,
3265,S18,T3,21.174,15.592,12.088,
3266,S18,T3,11.901,11.424,10.696,
3267,S18,T3,1.247,1.127,0.558,
3268,S18,T3,6.319,5.893,4.825,
3269,S18,T3,4.438,4.744,4.123,
3270,S18,T3,13.633,12.116,9.642,
3271,S18,T3,14.883,14.951,10.381,
3272,S18,T3,2.462,2.376,1.616,
3273,S18,T3,26.197,22.753,22.424,
3274,S18,T3,1.311,1.456,1.4,
3275,S18,T3,6.85,6.582,5.914,
3276,S18,T3,2.026,2,1.587,
3277,S18,T3,100,100,100,"colony fragmented, no data extracted"
3278,S18,T3,100,100,100,do not have the full colony on the pic
3279,S18,T3,2.086,1.971,1.951,
3280,S18,T3,13.58,12.381,8.508,
3281,S18,T3,11.371,11.106,10.702,
3282,S18,T3,6.681,6.094,6.102,
3283,S18,T3,21.826,25.61,21.089,
3284,S18,T3,2.257,1.936,2.122,
3285,S18,T3,29.096,31.64,28.771,
3286,S18,T3,11.078,11.763,6.839,
3287,S18,T3,2.492,2.516,1.862,
3288,S18,T3,14.807,17.028,17.234,
3289,S18,T3,1.903,1.94,2.037,
3290,S18,T3,13.926,13.552,12.296,
3291,S18,T3,4.86,3.998,4.098,
3258,S18,T3,1.395,1.352,1.574,
1349,S2,T1,27.575,25.237,21.307,
1350,S2,T1,2.405,2.428,2.196,
1351,S2,T1,2.456,2.305,2.312,
1352,S2,T1,2.634,2.382,1.399,
1353,S2,T1,2.482,2.08,2.419,
1354,S2,T1,0.878,1.144,0.946,
1355,S2,T1,2.042,2.085,1.552,
1356,S2,T1,100,100,100,do not have the full colony on the pic
1357,S2,T1,1.875,1.729,1.749,
1358,S2,T1,1.829,2.332,1.444,
1504,S2,T1,3.047,3.442,3.525,
1505,S2,T1,2.173,2.127,2.182,
1506,S2,T1,1.085,1.042,1.026,
1507,S2,T1,3.205,2.835,2.23,
1508,S2,T1,1.734,1.108,0.873,
1509,S2,T1,2.69,2.722,2.174,
1510,S2,T1,0.912,1.23,1.331,
1511,S2,T1,11.461,8.578,8.902,
1512,S2,T1,2.972,2.257,2.083,
1513,S2,T1,0.703,0.881,0.628,
1514,S2,T1,2.357,2.229,1.778,
1515,S2,T1,1.436,1.649,1.566,
1516,S2,T1,1.297,1.281,1.017,
1517,S2,T1,2.232,2.754,1.892,
1518,S2,T1,21.511,19.696,13.27,
1519,S2,T1,1.179,1.153,1.049,
1520,S2,T1,2.63,2.97,2.628,
1521,S2,T1,2.105,2.159,2.327,
1541,S2,T1,0.338,0.287,0.23,
1542,S2,T1,1.089,1.065,1.072,
1543,S2,T1,1.037,0.922,0.554,
1544,S2,T1,1.064,1.008,1.195,
1545,S2,T1,3.709,3.145,1.194,
1546,S2,T1,6.704,6.314,6.851,
1547,S2,T1,2.452,2.74,1.716,
1548,S2,T1,5.735,5.588,5.069,
1549,S2,T1,2.543,1.911,2.005,
1550,S2,T1,1.861,2.116,1.744,
1551,S2,T1,1.237,1.147,0.86,
1552,S2,T1,2.343,2.28,1.991,
1557,S2,T1,2.012,2.107,1.408,
1558,S2,T1,3.705,3.475,2.866,
1559,S2,T1,0.799,0.97,0.654,
1560,S2,T1,0.934,0.92,0.794,
1561,S2,T1,2.22,2.113,1.735,
1562,S2,T1,0.602,0.683,0.445,
1563,S2,T1,0.797,0.785,0.772,
1564,S2,T1,0.774,0.66,0.507,
1565,S2,T1,7.035,5.726,6.224,
1566,S2,T1,3.67,3.301,3.086,
1567,S2,T1,14.882,15.223,15.258,
1568,S2,T1,2.126,2.627,2.533,
1569,S2,T1,0.691,0.905,0.426,
1570,S2,T1,20.294,18.199,19.065,
1571,S2,T1,14.006,14.91,13.351,
1572,S2,T1,2.094,2.207,1.42,
1573,S2,T1,1.092,1.029,0.822,
1594,S2,T1,3.248,3.381,2.723,
1595,S2,T1,4.019,4.026,3.269,
1596,S2,T1,1.347,1.271,0.514,
1597,S2,T1,1.097,1.181,0.488,
1598,S2,T1,1.183,1.241,0.975,
1599,S2,T1,0.53,0.601,0.46,
1600,S2,T1,3.404,4.393,3.765,
1601,S2,T1,1.227,1.163,0.849,
1602,S2,T1,1.243,1.738,1.637,
1603,S2,T1,2.035,2.454,1.773,
1604,S2,T1,2.509,2.667,1.954,
1605,S2,T1,2.122,1.832,1.612,
1606,S2,T1,1.82,2.109,1.964,
1607,S2,T1,2.14,1.896,0.909,
1608,S2,T1,1.224,1.147,1.09,
1609,S2,T1,2.327,2.178,2.236,
1610,S2,T1,1.522,1.878,1.178,
1611,S2,T1,2.621,2.759,2.871,
1612,S2,T1,1.106,1.163,0.779,
1613,S2,T1,1.287,0.92,0.966,
1614,S2,T1,0.577,0.515,0.498,
1615,S2,T1,1.699,1.594,1.667,
1616,S2,T1,3.136,2.235,2.194,
1617,S2,T1,2.357,2.241,2.667,
1618,S2,T1,2.937,2.992,3.058,
1619,S2,T1,0.378,0.354,0.293,
1620,S2,T1,4.019,3.946,3.049,
1621,S2,T1,1.239,1.169,1.117,
1622,S2,T1,1.376,1.407,0.787,
1624,S2,T1,1.163,1.114,1.119,
1625,S2,T1,3.171,3.21,2.945,
1626,S2,T1,0.612,0.617,0.475,
1627,S2,T1,1.054,0.959,1.015,
1628,S2,T1,1.439,1.546,1.542,
1629,S2,T1,2.671,2.728,2.95,
1630,S2,T1,22.011,19.945,19.523,
1631,S2,T1,9.775,13.448,10.358,
1632,S2,T1,2.758,2.948,3.484,
1633,S2,T1,1.35,1.233,1.386,
1634,S2,T1,0.203,0.204,0.163,
1635,S2,T1,9.244,7.84,8.821,
1636,S2,T1,1.775,1.685,1.855,
1637,S2,T1,3.014,2.571,2.326,
1638,S2,T1,2.17,2.346,3.054,
1639,S2,T1,2.033,1.966,2.133,
1640,S2,T1,2.983,2.886,2.654,
1641,S2,T1,0.937,1.115,0.922,
1642,S2,T1,1.071,1.203,1.034,
1643,S2,T1,1.681,1.679,1.789,
1644,S2,T1,0.72,0.748,0.526,
1645,S2,T1,2.056,2.237,1.571,
1646,S2,T1,1.602,1.441,1.013,
1647,S2,T1,1.13,1.075,0.511,
1648,S2,T1,2.188,2.27,2.129,
1649,S2,T1,1.085,0.892,1.083,
1553,S2,T2,1.98,2.024,2.034,
1554,S2,T2,2.15,2.636,2.054,
1555,S2,T2,1.62,1.618,0.985,
1556,S2,T2,2.153,2.107,2.269,
1574,S2,T2,2.267,2.04,1.606,
1575,S2,T2,1.232,1.579,0.764,
1576,S2,T2,2.095,2.491,2.3,
1577,S2,T2,1.009,0.669,0.463,
1578,S2,T2,1.82,2.315,1.879,
1579,S2,T2,2.415,2.413,2.337,
1580,S2,T2,1.042,0.991,0.601,
1581,S2,T2,2.155,2.241,2.148,
1582,S2,T2,2.411,2.528,2.485,
1583,S2,T2,2.601,2.96,1.858,
1584,S2,T2,0.291,0.274,0.147,
1585,S2,T2,2.137,1.963,1.422,
1586,S2,T2,3.131,2.54,2.024,
1587,S2,T2,1.335,1.456,1.2,
1588,S2,T2,1.134,1.097,1.011,
1589,S2,T2,1.178,1.584,1.271,
1590,S2,T2,1.43,1.409,1.002,
1592,S2,T2,2.026,1.996,1.921,
1593,S2,T2,2.464,1.922,2.465,
1650,S2,T2,0.897,0.934,0.732,
1651,S2,T2,1.818,1.965,1.855,
1652,S2,T2,2.677,2.298,2.455,
1653,S2,T2,2.095,2.315,1.817,
1654,S2,T2,0.665,0.581,0.358,
1655,S2,T2,1.286,1.222,0.88,
1656,S2,T2,0.827,0.894,0.808,
1657,S2,T2,0.622,0.843,0.756,
1658,S2,T2,1.552,1.774,1.669,
1659,S2,T2,1.448,1.649,1.689,
1660,S2,T2,6.484,6.806,4.98,
1661,S2,T2,3.661,4.021,4.23,
1662,S2,T2,1.235,1.043,0.914,
1663,S2,T2,1.112,1.072,1.126,
1664,S2,T2,2.578,1.594,1.951,
1665,S2,T2,1.743,1.662,1.598,
1666,S2,T2,0.75,0.651,0.611,
1667,S2,T2,0.998,0.882,0.768,
1668,S2,T2,0.95,0.846,1.104,
1669,S2,T2,3.026,3.307,2.756,
1670,S2,T2,2.392,2.112,2.469,
1671,S2,T2,2.175,1.916,2.067,
1672,S2,T2,2.318,1.515,1.61,
1673,S2,T2,1.037,0.909,0.992,
1674,S2,T2,1.532,2.072,1.967,
1675,S2,T2,1.326,1.231,1.04,
1676,S2,T2,2.908,2.806,2.827,
1678,S2,T2,4.366,3.719,4.088,
1679,S2,T2,3.807,3.645,3.342,
1680,S2,T2,2.567,2.694,2.105,
1681,S2,T2,3.002,2.664,2.763,
1682,S2,T2,4.56,3.995,4.034,
1683,S2,T2,2.236,1.846,2.1,
1684,S2,T2,1.091,1.7,1.033,
1685,S2,T2,2.167,2.088,2.378,
1686,S2,T2,1.38,1.545,1.438,
1689,S2,T2,1.141,1.259,1.255,
1690,S2,T2,4.107,3.193,4.001,
1691,S2,T2,1.05,1.213,1.092,
1692,S2,T2,1.436,0.989,1.498,
1693,S2,T2,2.217,2.1,1.592,
1694,S2,T2,0.942,0.889,0.91,
1711,S2,T2,0.733,0.664,0.733,
1712,S2,T2,1.438,1.669,1.405,
1713,S2,T2,1.804,1.873,1.998,
1714,S2,T2,0.829,0.798,0.595,
1715,S2,T2,1.193,1.232,1.261,
1716,S2,T2,1.492,1.671,1.14,
1717,S2,T2,3.382,3.269,2.427,
1718,S2,T2,11.369,11.281,10.709,
1719,S2,T2,9.173,8.621,8.843,
1720,S2,T2,0.433,0.468,0.499,
1721,S2,T2,2.4,2.529,2.423,
1722,S2,T2,6.748,6.142,6.838,
1723,S2,T2,0.899,0.966,0.705,
1724,S2,T2,0.888,0.894,0.842,
1725,S2,T2,2.367,2.424,1.424,
1726,S2,T2,3.127,2.991,3.183,
1727,S2,T2,1.467,1.577,1.616,
1728,S2,T2,1.334,0.731,1.051,
1729,S2,T2,0.923,0.955,0.916,
1730,S2,T2,1.515,1.441,1.627,
1731,S2,T2,1.546,1.402,1.473,
1732,S2,T2,0.624,0.523,0.315,
1733,S2,T2,1.614,1.448,1.391,
1734,S2,T2,1.693,2.182,1.978,
1735,S2,T2,1.744,1.496,1.684,
1736,S2,T2,0.813,0.776,0.825,
1737,S2,T2,1.039,0.827,0.897,
1738,S2,T2,1.441,1.351,1.485,
1739,S2,T2,0.807,0.643,0.804,
16900,S2,T3,2.191,1.582,1.695,
1695,S2,T3,2.668,1.743,2.372,
1697,S2,T3,0.912,0.86,0.542,
1698,S2,T3,8.646,10.997,10.011,
1699,S2,T3,1.553,1.289,1.12,
1700,S2,T3,2.673,2.227,1.537,
1701,S2,T3,15.206,12.968,15.992,
1702,S2,T3,100,100,100,do not have the full colony on the pic
1703,S2,T3,6.422,8.124,6.231,
1704,S2,T3,15.343,15.327,17.035,
1705,S2,T3,100,100,100,do not have the full colony on the pic
1706,S2,T3,0.655,0.776,0.657,
1707,S2,T3,6.718,6.455,5.633,
1708,S2,T3,4.694,4.131,3.134,
1709,S2,T3,100,100,100,do not have the full colony on the pic
1710,S2,T3,100,100,100,do not have the full colony on the pic
1740,S2,T3,0.99,1.136,0.902,
1741,S2,T3,1.891,1.953,1.975,
1742,S2,T3,0.865,1.058,0.936,
1743,S2,T3,1.072,1.137,1.026,
1744,S2,T3,0.836,0.976,0.815,
1745,S2,T3,0.53,0.39,0.443,
1746,S2,T3,0.32,0.376,0.179,
1747,S2,T3,29.519,28.486,25.132,
1748,S2,T3,29.388,29.794,27.183,
1749,S2,T3,1.227,1.25,1.106,
1750,S2,T3,1.201,1.084,1.076,
1751,S2,T3,8.769,9.817,12.157,
1752,S2,T3,1.297,1.112,0.836,
1753,S2,T3,3.794,3.864,2.797,
1754,S2,T3,3.972,3.084,3.535,
1755,S2,T3,2.655,3.367,2.808,
1756,S2,T3,1.161,1.416,1.419,
1757,S2,T3,3.039,3.588,3.435,
1758,S2,T3,3.781,3.609,2.795,
1759,S2,T3,2.668,2.189,2.11,
1760,S2,T3,1.709,1.853,0.965,
1761,S2,T3,1.628,1.817,1.138,
1762,S2,T3,1.883,1.868,1.523,
1763,S2,T3,2.776,3.473,2.976,
1764,S2,T3,0.735,0.64,0.722,
1765,S2,T3,1.438,0.922,1.401,
1766,S2,T3,1.321,1.261,1.354,
1767,S2,T3,0.576,0.633,0.321,
1768,S2,T3,2.331,2.447,2.373,
1769,S2,T3,0.739,0.673,0.71,
1770,S2,T3,1.587,1.533,1.31,
1771,S2,T3,4.032,4.284,3.566,
1772,S2,T3,0.651,0.55,0.426,
1773,S2,T3,6.236,6.596,4.589,
1774,S2,T3,13.55,16.625,15.339,
1775,S2,T3,12.787,12.407,13.508,
1776,S2,T3,5.397,5.346,4.416,
1777,S2,T3,4.677,5.573,4.919,
1778,S2,T3,10.042,9.074,10.437,
1795,S2,T3,1.194,1.15,1.044,
1796,S2,T3,1.365,1.219,1.47,
1797,S2,T3,3.161,2.644,1.781,
1798,S2,T3,0.777,0.767,0.669,
1799,S2,T3,1.299,0.834,0.756,
1800,S2,T3,4.113,2.739,2.369,
1801,S2,T3,1.299,1.13,0.965,
1802,S2,T3,2.222,3.156,2.758,
1803,S2,T3,0.86,0.842,0.56,
1804,S2,T3,2.419,2.476,2.551,
1805,S2,T3,3.282,2.125,2.31,
1806,S2,T3,2.549,2.674,2.963,
1807,S2,T3,2.801,2.656,2.52,
1808,S2,T3,5.712,5.374,4.807,
1809,S2,T3,2.792,3.039,2.844,
1810,S2,T3,0.756,0.751,0.354,
1811,S2,T3,2.231,2.965,1.801,
1812,S2,T3,1.772,1.865,1.775,
1813,S2,T3,18.965,18.191,13.954,
1814,S2,T3,1.14,1.455,1.318,
1815,S2,T3,15.655,14.096,7.719,
1816,S2,T3,1.422,0.962,0.683,
1817,S2,T3,0.58,0.54,0.493,
1818,S2,T3,1.995,1.906,2.182,
1819,S2,T3,2.616,2.721,2.155,
1820,S2,T3,3.97,3.955,3.274,
1821,S2,T3,2.542,2.892,1.811,
1822,S2,T3,2.094,2.013,1.906,
1823,S2,T3,0.819,0.602,0.72,
1824,S2,T3,0.612,0.56,0.621,
1825,S2,T3,0.739,0.757,0.646,
1826,S2,T3,3.205,3.604,3.748,
1827,S2,T3,1.541,1.65,0.627,
1828,S2,T3,2.834,3.238,2.884,
1829,S2,T3,1.535,1.441,1.578,
1830,S2,T3,2.651,2.572,1.812,
1831,S2,T3,0.754,1.007,0.877,
1832,S2,T3,1.307,1.27,0.447,
1833,S2,T3,10.377,8.849,8.684,
1834,S2,T3,2.89,2.88,2.694,
1835,S2,T3,2.347,2.118,1.803,
1836,S2,T3,1.254,1.253,0.753,
1837,S2,T3,3.98,4.291,3.323,
1839,S2,T3,2.187,2.01,1.995,
653,S3,T1,4.415,4.485,3.991,
658,S3,T1,3.309,3.379,3.127,
659,S3,T1,5.825,5.179,5.302,
660,S3,T1,1.833,1.663,1.295,
661,S3,T1,21.025,14.353,16.872,
662,S3,T1,11.438,10.357,12.161,
663,S3,T1,2.053,2.403,2.248,
664,S3,T1,4.306,4.538,3.557,
665,S3,T1,2.143,2.045,1.922,
666,S3,T1,2.344,1.147,1.356,
667,S3,T1,1.12,0.957,0.641,
668,S3,T1,1.872,1.818,1.094,
669,S3,T1,16.446,8.043,12.724,
670,S3,T1,5.384,3.899,3.013,
671,S3,T1,5.434,5.061,3.077,
672,S3,T1,1.735,1.713,0.949,
676,S3,T1,9.637,7.623,8.052,
677,S3,T1,1.147,1.178,1.032,
678,S3,T1,0.971,1.265,0.815,
679,S3,T1,3.728,3.816,4,
680,S3,T1,1.99,2.119,1.051,
681,S3,T1,21.198,17.66,18.691,
682,S3,T1,7.522,6.92,5.781,
683,S3,T1,5.018,5.165,4.746,
684,S3,T1,4.269,4.207,3.763,
685,S3,T1,2.274,1.871,2.053,
686,S3,T1,1.972,2.616,1.651,
687,S3,T1,13.993,14.739,16.087,
688,S3,T1,19.276,19.277,16.663,
689,S3,T1,4.882,5.014,5.155,
702,S3,T1,0.508,0.996,0.985,
703,S3,T1,10.866,14.474,13.219,
721,S3,T1,1.805,1.676,1.518,
722,S3,T1,8.167,8.779,9.01,
723,S3,T1,1.761,1.582,1.462,
724,S3,T1,16.879,16.038,18.242,
725,S3,T1,3.397,3.188,4.085,
726,S3,T1,25.359,24.697,15.662,
727,S3,T1,3.09,3.511,2.113,
728,S3,T1,3.148,2.446,1.93,
738,S3,T1,1.925,2.185,2.132,
690,S3,T2,3.14,3.244,3.46,
696,S3,T2,100,100,100,do not have the full colony on the pic
700,S3,T2,2.807,2.753,2.577,
701,S3,T2,3.268,3.306,3.791,
705,S3,T2,2.732,2.576,2.893,
706,S3,T2,2.309,2.003,1.957,
707,S3,T2,NA,NA,NA,no data extracted
708,S3,T2,5.55,4.957,3.948,
709,S3,T2,2.385,2.308,2.17,
712,S3,T2,9.557,12.987,12.75,
716,S3,T2,1.868,1.567,1.785,
731,S3,T2,23.195,21.429,13.928,
734,S3,T2,5.219,5.562,5.115,
735,S3,T2,3.479,3.672,2.47,
736,S3,T2,5.933,4.698,5.459,
737,S3,T2,2.912,2.535,1.37,
691,S3,T3,5.701,5.821,5.391,
692,S3,T3,2.722,3.357,2.968,
693,S3,T3,2.362,2.052,1.557,
694,S3,T3,25.769,24.07,24.852,
695,S3,T3,18.042,15.835,15.236,
697,S3,T3,3.612,3.723,3.669,
699,S3,T3,11.669,11.26,9.453,
704,S3,T3,7.186,7.132,6.168,
710,S3,T3,100,100,100,do not have the full colony on the pic
711,S3,T3,1.119,1.209,1.224,
713,S3,T3,1.93,2.032,2.093,
714,S3,T3,10.659,12.402,11.236,
715,S3,T3,19.348,19.025,18.303,
717,S3,T3,2.049,2.007,2.555,
718,S3,T3,1.274,1.339,1.27,
719,S3,T3,3.16,3.05,2.139,
720,S3,T3,2.586,2.999,1.85,
729,S3,T3,4.282,4.961,5.609,
730,S3,T3,2.424,2.396,2.356,
732,S3,T3,1.815,1.936,1.347,
733,S3,T3,3.843,4.434,3.353,
739,S3,T3,2.868,3.203,3.327,
750,S3,T3,2.765,3.409,2.362,
869,S3,T3,1.569,1.69,1.442,
906,S3,T3,3.458,4.397,2.867,
410,S4,T1,6.707,6.106,7.174,
411,S4,T1,9.705,9.249,9.696,
412,S4,T1,7.144,5.748,3.37,
413,S4,T1,26.197,25.78,19.887,
414,S4,T1,11.753,8.903,10.096,
415,S4,T1,7.003,6.046,3.827,
416,S4,T1,2.11,2.25,1.526,
417,S4,T1,1.071,1.416,0.738,
418,S4,T1,1.245,0.993,0.781,
41900,S4,T1,1.566,1.153,0.799,
420,S4,T1,1.526,1.316,1.1,
421,S4,T1,1.504,1.959,1.242,
422,S4,T1,5.103,4.15,1.847,
423,S4,T1,2.324,1.948,1.188,
424,S4,T1,7.651,7.049,7.365,
425,S4,T1,4.987,5.465,2.934,
426,S4,T1,8.87,8.84,9.871,
427,S4,T1,9.673,9.581,7.492,
428,S4,T1,22.819,21.63,21.845,
429,S4,T1,1.705,1.751,1.425,
430,S4,T1,3.613,3.231,2.276,
431,S4,T1,1.059,0.94,0.974,
432,S4,T1,8.21,8.475,7.082,
433,S4,T1,4.572,3.832,4.637,
434,S4,T1,4.544,4.107,4.4,
435,S4,T1,19.955,19.363,15.132,
436,S4,T1,15.723,14.637,11.89,
437,S4,T1,8.456,9.876,6.226,
438,S4,T1,11.791,11.137,11.881,
439,S4,T1,9.058,10.328,8.124,
440,S4,T1,11.575,11.277,8.449,
441,S4,T1,10.737,13.657,8.848,
442,S4,T1,4.45,5.075,4.117,
443,S4,T1,25.649,22.673,21.948,
448,S4,T1,7.969,8.043,7.429,
450,S4,T1,4.386,4.129,2.356,
444,S4,T2,12.803,12.917,6.684,
445,S4,T2,0.667,0.993,0.436,
446,S4,T2,24.338,28.469,28.473,
447,S4,T2,4.704,4.291,2.894,
451,S4,T2,2.174,1.899,2.192,
452,S4,T2,3.423,3.373,2.042,
453,S4,T2,2.909,2.98,2.828,
454,S4,T2,2.29,1.954,1.474,
456,S4,T2,6.864,6.941,3.834,
457,S4,T2,4.453,3.995,4.668,
458,S4,T2,8.869,10.51,9.128,
459,S4,T2,0.937,0.899,0.495,
460,S4,T2,9.397,9.237,7.691,
461,S4,T2,10.749,11.577,11.365,
462,S4,T2,3.972,4.345,3.922,
463,S4,T2,39.721,41.086,40.39,
464,S4,T2,30.094,26.418,25.738,
465,S4,T2,19.273,23.754,26.507,
466,S4,T2,13.581,12.915,14.936,
467,S4,T2,17.394,17.999,18.351,
468,S4,T2,14.684,15.159,10.921,
469,S4,T2,1.648,1.611,1.495,
470,S4,T2,1.857,1.907,0.939,
471,S4,T2,5.728,4.439,4.997,
490,S4,T2,7.878,7.239,6.723,
419,S4,T3,24.038,22.733,20.822,
455,S4,T3,100,100,100,do not have the full colony on the pic
472,S4,T3,100,100,100,do not have the full colony on the pic
473,S4,T3,17.511,14.805,17.03,
474,S4,T3,14.415,17.846,14.499,
475,S4,T3,26.111,25.326,22.379,
476,S4,T3,15.699,16.384,13.946,
477,S4,T3,26.921,25.439,24.156,
478,S4,T3,17.678,17.206,13.888,
479,S4,T3,13.454,12.675,12.806,
480,S4,T3,13.728,13.254,14.178,
481,S4,T3,12.824,12.108,9.218,
482,S4,T3,9.455,10.64,8.315,
483,S4,T3,7.855,7.555,8.033,
484,S4,T3,8.783,9.507,7.862,
485,S4,T3,10.593,12.593,4.758,
486,S4,T3,8.548,8.459,7.853,
487,S4,T3,18.498,18.253,13.79,
488,S4,T3,12.814,13.689,11.877,
489,S4,T3,100,100,100,do not have the full colony on the pic
507,S4,T3,1.301,1.387,1.217,
509,S4,T3,7.477,7.428,7.928,
510,S4,T3,4.125,5.817,3.532,
515,S4,T3,7.295,6.235,5.74,
519,S4,T3,2.222,2.319,2.358,
528,S4,T3,7.365,7.725,7.619,
529,S4,T3,10.158,9.982,8.297,
539,S4,T3,0.75,0.687,0.735,
620,S4,T3,3.123,3.508,3.094,
740,S5,T1,1.486,1.728,2.164,
741,S5,T1,1.889,2.185,2.166,
742,S5,T1,3.7,3.327,3.599,
743,S5,T1,2.428,1.852,2.371,
744,S5,T1,1.257,1.276,0.805,
745,S5,T1,7.937,7.569,5.128,
746,S5,T1,1.951,1.989,1.799,
747,S5,T1,10.229,8.952,9.996,
748,S5,T1,100,100,100,do not have the full colony on the pic
749,S5,T1,6.729,6.29,6.808,
751,S5,T1,1.964,2.337,2.131,
752,S5,T1,1.337,1.379,1.095,
753,S5,T1,0.742,0.905,0.759,
754,S5,T1,0.924,1.72,1.969,
755,S5,T1,1.064,1.07,1.105,
756,S5,T1,10.392,10.541,10.694,
757,S5,T1,7.371,6.423,5.69,
758,S5,T1,2.913,2.822,2.112,
759,S5,T1,11.558,13.314,10.394,
760,S5,T1,1.419,0.866,0.745,
761,S5,T1,2.542,1.637,1.551,
762,S5,T1,3.635,3.584,3.176,
763,S5,T1,1.154,1.406,0.986,
764,S5,T1,1.536,1.171,1.224,
765,S5,T1,1.136,1.056,1.065,
766,S5,T1,2.074,1.971,1.737,
767,S5,T1,1.602,1.393,1.239,
768,S5,T1,9.466,8.604,9.408,
779,S5,T1,2.864,2.934,3.2,
780,S5,T1,2.013,1.574,1.803,
781,S5,T1,7.039,7.021,7.066,
782,S5,T1,1.498,2.119,2.374,
783,S5,T1,5.299,4.306,3.527,
784,S5,T1,1.924,1.647,2.257,
785,S5,T1,4.406,3.808,3.543,
786,S5,T1,0.615,0.962,0.856,
787,S5,T1,100,100,100,do not have the full colony on the pic
788,S5,T1,3.65,3.949,3.738,
789,S5,T1,100,100,100,do not have the full colony on the pic
790,S5,T1,0.997,1.156,1.24,
791,S5,T1,1.573,1.886,1.219,
792,S5,T1,4.908,5.617,3.326,
793,S5,T1,2.186,2.236,2.048,
794,S5,T1,3.655,3.022,2.359,
795,S5,T1,3.088,3.203,2.984,
796,S5,T1,1.471,1.106,0.735,
797,S5,T1,10.729,11.563,10.922,
798,S5,T1,19.116,20.813,21.283,
803,S5,T1,1.579,1.439,1.606,
804,S5,T1,1.064,0.912,1.074,
805,S5,T1,1.704,1.608,1.315,
806,S5,T1,8.382,8.843,8.331,
807,S5,T1,2.058,2.091,1.096,
808,S5,T1,2.751,2.492,1.621,
809,S5,T1,1.962,1.926,1.052,
810,S5,T1,4.03,4.164,2.972,
811,S5,T1,0.564,0.876,0.713,
812,S5,T1,0.713,1.172,1.624,
813,S5,T1,1.903,1.67,1.381,
814,S5,T1,9.071,7.498,5.828,
815,S5,T1,1.345,1.947,1.908,
816,S5,T1,2.542,2.174,2.497,
817,S5,T1,1.965,1.526,1.298,
818,S5,T1,13.341,9.769,13.601,
819,S5,T1,0.787,1.059,0.873,
820,S5,T1,1.024,1.338,1.477,
821,S5,T1,3.261,2.997,2.799,
822,S5,T1,18.306,18.166,14.594,
823,S5,T1,3.218,3.511,3.278,
824,S5,T1,2.204,2.217,1.906,
825,S5,T1,18.247,15.341,12.482,
826,S5,T1,7.942,5.942,7.695,
827,S5,T1,1.795,1.215,1.292,
828,S5,T1,22.166,26.258,23.108,
829,S5,T1,13.206,12.286,13.988,
830,S5,T1,15.115,15.12,15.734,
831,S5,T1,2.549,2.536,2.33,
833,S5,T1,6.683,4.923,3.171,
834,S5,T1,2.498,2.153,2.241,
835,S5,T1,1.781,2.155,2.392,
836,S5,T1,2.168,2.355,1.549,
838,S5,T1,1.825,1.693,1.779,
870,S5,T1,5.319,4.734,4.357,
871,S5,T1,7.651,7.105,6.606,
872,S5,T1,6.505,6.625,5.601,
873,S5,T1,2.763,2.668,2.607,
874,S5,T1,1.989,2.589,2.216,
875,S5,T1,3.32,3.543,3.168,
876,S5,T1,2.213,1.891,1.459,
877,S5,T1,1.817,1.175,1.545,
878,S5,T1,4.47,3.884,4.236,
879,S5,T1,1.945,2.19,1.594,
880,S5,T1,1.415,1.517,1.251,
881,S5,T1,2.829,2.686,1.762,
882,S5,T1,2.058,2.24,2.048,
883,S5,T1,19.808,20.481,20.902,
884,S5,T1,2.221,2.205,1.194,
885,S5,T1,1.098,1.522,0.791,
887,S5,T1,1.194,1.044,1.145,
889,S5,T1,3.72,3.041,2.217,
890,S5,T1,1.781,1.968,1.861,
891,S5,T1,13.622,13.868,12.449,
892,S5,T1,4.838,4.932,3.608,
893,S5,T1,7.943,9.512,8.75,
895,S5,T1,4.839,4.338,4.102,
896,S5,T1,2.935,2.944,2.316,
897,S5,T1,2.569,1.958,1.792,
898,S5,T1,1.489,1.655,0.978,
899,S5,T1,1.587,1.391,1.3,
902,S5,T1,7.218,7.384,8.021,
909,S5,T1,1.012,1.187,1.298,
910,S5,T1,3.032,3.22,2.035,
916,S5,T1,3.504,3.074,3.338,
918,S5,T1,3.129,2.845,2.233,
920,S5,T1,1.073,0.931,0.82,
922,S5,T1,5.404,4.677,4.443,
923,S5,T1,6.147,6.094,5.073,
924,S5,T1,3.316,3.449,3.418,
925,S5,T1,1.581,1.799,1.548,
926,S5,T1,2.991,2.943,2.961,
927,S5,T1,5.618,5.231,5.489,
928,S5,T1,7.902,7.11,8.598,
907,S5,T2,1.664,1.616,1.714,
908,S5,T2,2.801,2.667,2.081,
911,S5,T2,2.195,1.435,1.447,
912,S5,T2,4.335,5.186,3.253,
913,S5,T2,4.556,4.357,3.67,
914,S5,T2,3.248,3.25,2.987,
915,S5,T2,15.317,13.718,12.887,
917,S5,T2,3.433,3.221,3.008,
919,S5,T2,2.021,1.581,1.278,
935,S5,T2,0.93,0.881,1.04,
955,S5,T2,8.213,6.941,7.258,
956,S5,T2,4.465,4.57,2.621,
957,S5,T2,0.449,0.388,0.307,
958,S5,T2,4.767,4.764,5.08,
959,S5,T2,3.79,4.235,4.279,
960,S5,T2,5.312,4.668,5.532,
961,S5,T2,1.001,1.262,0.777,
962,S5,T2,1.628,1.51,1.475,
963,S5,T2,0.842,0.81,0.766,
964,S5,T2,2.26,3.017,2.406,
965,S5,T2,1.922,2.128,1.944,
966,S5,T2,6.902,6.474,6.17,
967,S5,T2,5.165,5.704,4.337,
968,S5,T2,4.532,4.628,3.253,
969,S5,T2,2.1,1.948,1.767,
970,S5,T2,11.341,11.636,14.055,
971,S5,T2,12.175,11.737,10.247,
972,S5,T2,100,100,100,do not have the full colony on the pic
973,S5,T2,2.765,2.665,2.669,
974,S5,T2,4.322,4.565,4.168,
975,S5,T2,1.783,1.992,1.781,
977,S5,T2,1.466,1.775,2.082,
978,S5,T2,15.906,12.7,12.282,
980,S5,T2,6.415,8.046,6.834,
981,S5,T2,1.684,2.096,1.775,
982,S5,T2,1.444,1.426,1.125,
983,S5,T2,1.574,1.631,1.201,
984,S5,T2,0.711,0.673,0.435,
985,S5,T2,1.832,1.629,1.595,
986,S5,T2,0.792,1.012,1.027,
987,S5,T2,21.264,21.717,18.312,
988,S5,T2,1.523,1.815,1.166,
989,S5,T2,3.821,3.244,3.813,
990,S5,T2,18.103,16.644,19.458,
991,S5,T2,11.68,11.768,10.129,
992,S5,T2,1.315,1.675,1.777,
993,S5,T2,24.51,25.795,21.864,
994,S5,T2,100,100,100,do not have the full colony on the pic
995,S5,T2,12.467,12.727,10.69,
996,S5,T2,100,100,100,do not have the full colony on the pic
997,S5,T2,7.751,6.799,6.425,
998,S5,T2,100,100,100,do not have the full colony on the pic
999,S5,T2,23.917,24.193,20.169,
1000,S5,T2,100,100,100,do not have the full colony on the pic
1001,S5,T2,1.951,2.256,1.911,
1002,S5,T2,1.788,1.638,1.037,
1003,S5,T2,0.372,0.381,0.37,
1004,S5,T2,0.935,0.957,0.976,
1005,S5,T2,2.71,2.416,1.676,
1006,S5,T2,2.042,2.34,2.762,
1007,S5,T2,2.267,2.593,2.383,
1008,S5,T2,13.35,12.42,12.483,
1009,S5,T2,2.687,2.816,2.863,
1010,S5,T2,3.433,3.254,3.33,
1011,S5,T2,2.21,1.982,1.971,
1012,S5,T2,9.402,9.647,8.911,
1013,S5,T2,16.273,15.305,15.575,
1014,S5,T2,2.56,2.299,2.521,
1015,S5,T2,15.398,13.033,8.156,
1016,S5,T2,14.616,13.976,14.523,
1017,S5,T2,100,100,100,do not have the full colony on the pic
1018,S5,T2,8.168,8.517,6.887,
1019,S5,T2,2.945,3.056,1.918,
1020,S5,T2,1.412,1.444,1.376,
1021,S5,T2,1.089,1.181,1.228,
1022,S5,T2,11.939,11.229,10.992,
1023,S5,T2,3.766,3.147,4.107,
1024,S5,T2,2.888,2.85,1.736,
1025,S5,T2,7.174,8.119,8.471,
1026,S5,T2,1.096,0.929,1.333,
1027,S5,T2,3.34,3.886,2.607,
1028,S5,T2,100,100,100,do not have the full colony on the pic
1029,S5,T2,2.235,2.254,1.676,
1030,S5,T2,1.889,1.724,1.077,
1031,S5,T2,2.127,2.172,2.058,
1032,S5,T2,10.328,10.006,10.051,
1033,S5,T2,1.11,1.145,1.058,
1034,S5,T2,1.486,1.296,1.467,
1035,S5,T2,14.173,12.348,13.916,
1036,S5,T2,17.391,19.526,15.789,
1037,S5,T2,9.103,8.252,8.084,
1038,S5,T2,1.7,1.598,1.215,
1039,S5,T2,2.323,2.172,2.872,
1040,S5,T2,3.725,5.851,3.155,
1041,S5,T2,5.397,5.602,5.737,
1042,S5,T2,1.271,1.436,0.887,
1043,S5,T2,3.497,3.249,2.113,
1044,S5,T2,7.101,7.778,7.999,
1045,S5,T2,2.583,2.349,2.452,
1046,S5,T2,27.391,20.814,22.974,
1047,S5,T2,1.771,1.937,1.345,
1048,S5,T2,1.392,1.943,1.448,
1049,S5,T2,0.815,0.637,0.652,
1050,S5,T2,1.73,1.983,1.1,
1052,S5,T2,2.305,2.217,2.009,
1053,S5,T2,13.978,7.319,10.639,
1054,S5,T2,4.572,5.038,4.043,
1055,S5,T2,0.932,0.942,0.538,
1088,S5,T2,2.715,2.634,1.811,
1089,S5,T2,0.99,0.87,0.913,
1090,S5,T2,3.144,3.29,3.413,
1091,S5,T2,1.099,1.28,0.447,
1092,S5,T2,2.235,2.147,2.48,
1093,S5,T2,2.013,1.981,1.86,
1094,S5,T2,3.176,2.927,2.552,
1095,S5,T2,1.727,2.795,2.295,
1096,S5,T2,13.296,12.744,6.42,
1097,S5,T2,2.85,2.843,2.333,
1098,S5,T2,18.727,17.768,15.829,
1099,S5,T2,2.326,2.829,3.209,
1100,S5,T2,2.944,2.746,2.382,
1101,S5,T2,10.257,7.715,8.447,
1102,S5,T2,4.881,5.535,3.729,
1103,S5,T2,13.462,13.077,13.222,
1104,S5,T2,100,100,100,do not have the full colony on the pic
1105,S5,T2,1.384,1.306,1.218,
1106,S5,T2,1.931,2.391,2.146,
1107,S5,T2,1.661,2.398,1.978,
1108,S5,T2,11.273,7.751,9.069,
1161,S5,T2,1.628,1.615,1.498,
1162,S5,T2,5.59,3.767,5.138,
1163,S5,T2,0.966,0.873,1.03,
1164,S5,T2,1.922,2.038,2.167,
1165,S5,T2,100,100,100,do not have the full colony on the pic
1166,S5,T2,9.141,8.149,9.573,
1167,S5,T2,9.175,8.053,6.893,
1168,S5,T2,5.807,5.041,5.841,
1169,S5,T2,4.686,3.278,2.851,
1170,S5,T2,1.278,1.268,1.154,
1171,S5,T2,100,100,100,do not have the full colony on the pic
1172,S5,T2,1.695,1.755,1.908,
1173,S5,T2,18.913,17.303,15.965,
1174,S5,T2,100,100,100,do not have the full colony on the pic
1175,S5,T2,1.765,1.795,1.204,
1176,S5,T2,3.087,2.898,3.185,
1177,S5,T2,2.043,1.865,1.75,
1178,S5,T2,100,100,100,do not have the full colony on the pic
1179,S5,T2,100,100,100,do not have the full colony on the pic
1180,S5,T2,1.178,1.236,0.714,
1181,S5,T2,15.612,16.615,10.823,
1182,S5,T2,5.459,5.22,4.94,
929,S5,T3,2.367,1.942,1.867,
930,S5,T3,18.786,15.722,15.25,
931,S5,T3,17.343,16.214,17.016,
932,S5,T3,5.656,4.618,5.226,
933,S5,T3,4.751,4.964,4.674,
934,S5,T3,2.634,2.638,2.744,
936,S5,T3,2.656,2.595,2.55,
937,S5,T3,7.079,7.9,7.003,
938,S5,T3,3.551,3.408,2.893,
939,S5,T3,0.306,0.363,0.242,
940,S5,T3,9.584,10.927,11.996,
941,S5,T3,100,100,100,do not have the full colony on the pic
942,S5,T3,57.047,64.402,52.015,
943,S5,T3,100,100,100,do not have the full colony on the pic
944,S5,T3,1.891,1.812,1.972,
945,S5,T3,1.951,2.251,1.685,
946,S5,T3,3.359,3.683,3.42,
947,S5,T3,2.045,1.799,1.863,
948,S5,T3,3.718,3.518,3.379,
949,S5,T3,2.173,2.046,1.723,
950,S5,T3,0.794,0.792,0.794,
951,S5,T3,0.989,0.844,0.875,
952,S5,T3,2.887,2.344,2.981,
953,S5,T3,0.651,0.749,0.687,
954,S5,T3,1.628,1.304,1.325,
1051,S5,T3,100,100,100,do not have the full colony on the pic
1056,S5,T3,17.769,15.443,15.525,
1057,S5,T3,2.215,2.44,2.68,
1058,S5,T3,10.488,12.189,10.206,
1059,S5,T3,2.403,2.664,2.171,
1060,S5,T3,16.507,16.38,16.856,
1061,S5,T3,4.383,4.16,4.091,
1062,S5,T3,11.817,10.305,10.065,
1063,S5,T3,3.717,3.609,2.951,
1064,S5,T3,7.035,7.51,6.248,
1065,S5,T3,12.015,10.293,11.74,
1066,S5,T3,2.433,2.666,2.031,
1067,S5,T3,1.15,1.016,1.231,
1068,S5,T3,1.051,1.17,1.265,
1069,S5,T3,0.841,0.865,0.689,
1070,S5,T3,1.177,1.147,1.281,
1071,S5,T3,0.815,0.865,0.789,
1072,S5,T3,5.969,5.807,4.51,
1073,S5,T3,11.595,11.264,10.42,
1074,S5,T3,6.794,2.946,6.329,
1075,S5,T3,2.432,2.692,2.749,
1076,S5,T3,2.239,2.048,2.374,
1077,S5,T3,1.058,1.099,1.142,
1078,S5,T3,2.049,1.714,1.758,
1079,S5,T3,0.813,0.817,0.782,
1080,S5,T3,1.668,1.718,1.161,
1081,S5,T3,0.878,1.26,0.941,
1082,S5,T3,0.77,0.972,1.124,
1083,S5,T3,1.641,1.558,1.174,
1084,S5,T3,1.167,1.369,1.759,
1085,S5,T3,3.523,3.448,2.951,
1086,S5,T3,1.145,1.015,1.234,
1087,S5,T3,2.355,2.759,2.731,
1109,S5,T3,2.07,3.172,3.626,
1110,S5,T3,4.008,3.599,2.339,
1111,S5,T3,2.635,2.998,3.098,
1112,S5,T3,2.715,3.41,3.054,
1113,S5,T3,1.349,0.896,0.874,
1114,S5,T3,1.05,1.223,0.911,
1115,S5,T3,1.425,1.376,1.393,
1116,S5,T3,1.371,1.296,0.827,
1117,S5,T3,1.456,1.624,1.653,
1118,S5,T3,1.652,1.742,1.752,
1119,S5,T3,2.27,2.336,2.219,
1120,S5,T3,2.391,2.031,1.77,
1121,S5,T3,3.7,3.738,3.641,
1122,S5,T3,1.672,1.692,1.79,
1123,S5,T3,0.59,1.139,1.065,
1125,S5,T3,8.318,8.914,8.912,
1126,S5,T3,2.756,2.802,2.851,
1127,S5,T3,3.27,2.588,2.407,
1128,S5,T3,6.868,7.501,7.502,
1129,S5,T3,2.2,2.398,2.428,
1130,S5,T3,100,100,100,do not have the full colony on the pic
1131,S5,T3,100,100,100,do not have the full colony on the pic
1132,S5,T3,3.825,4.566,4.078,
1134,S5,T3,1.815,2.245,1.639,
1135,S5,T3,2.341,1.831,2.482,
1136,S5,T3,1.469,1.55,1.395,
1137,S5,T3,1.418,1.377,1.405,
1138,S5,T3,12.644,11.69,10.27,
1139,S5,T3,6.821,6.704,6.661,
1140,S5,T3,2.327,3.078,2.086,
1141,S5,T3,5.051,5.274,5.681,
1142,S5,T3,2.453,2.421,1.729,
1143,S5,T3,2.606,2.463,2.419,
1144,S5,T3,1.961,2.48,2.164,
1145,S5,T3,1.581,1.013,1.258,
1146,S5,T3,2.745,2.639,3.377,
1147,S5,T3,1.593,2.34,2.169,
1153,S5,T3,6.442,7.729,6.593,
1156,S5,T3,2.122,2.039,2.003,
1158,S5,T3,1.579,1.653,1.813,
1159,S5,T3,1.5,1.51,1.553,
1160,S5,T3,21.824,17.593,18.097,
2963,S6,T1,1.498,1.398,1.752,
2964,S6,T1,1.766,1.616,1.535,
2965,S6,T1,1.59,2.753,1.905,
2966,S6,T1,1.267,1.19,1.313,
2968,S6,T1,1.822,1.442,1.382,
2969,S6,T1,2.748,2.684,2.802,
2970,S6,T1,2.138,2.056,2.172,
2973,S6,T1,3.727,3.824,3.509,
2975,S6,T1,4.508,4.198,4.675,
2976,S6,T1,1.498,1.104,1.125,
2977,S6,T1,2.082,2.06,1.394,
3000,S6,T1,1.201,1.049,1.131,
3001,S6,T1,1.003,1.283,1.007,
3002,S6,T1,0.743,0.634,0.512,
3003,S6,T1,100,100,100,do not have the full colony on the pic
3004,S6,T1,13.037,12.877,12.048,
3005,S6,T1,1.571,1.437,1.355,
3006,S6,T1,0.955,0.999,1.122,
3007,S6,T1,1.127,1.166,0.879,
3008,S6,T1,2.341,2.701,2.189,
3009,S6,T1,3.744,3.294,3.42,
3010,S6,T1,4.515,5.885,5.009,
3011,S6,T1,2.388,2.86,2.556,
3012,S6,T1,10.305,4.319,9.04,
3013,S6,T1,2.642,2.626,2.527,
3014,S6,T1,100,100,100,do not have the full colony on the pic
3015,S6,T1,100,100,100,do not have the full colony on the pic
3017,S6,T1,2.785,2.942,3.081,
3018,S6,T1,3.041,2.67,2.907,
3019,S6,T1,9.722,9.042,8.971,
3020,S6,T1,0.53,0.549,0.426,
3021,S6,T1,2.131,2.41,2.205,
3022,S6,T1,1.608,1.565,1.029,
3023,S6,T1,0.844,0.816,0.791,
3024,S6,T1,2.107,3.016,2.636,
3025,S6,T1,0.968,1.032,0.944,
3026,S6,T1,5.015,4.42,4.302,
3027,S6,T1,1.926,1.99,2.132,
3028,S6,T1,100,100,100,do not have the full colony on the pic
3029,S6,T1,0.736,0.654,0.578,
3030,S6,T1,15.173,14.095,15.503,
3031,S6,T1,100,100,100,do not have the full colony on the pic
3032,S6,T1,2.436,2.303,2.506,
3033,S6,T1,0.593,1.035,0.71,
3034,S6,T1,1.623,1.88,1.871,
3035,S6,T1,2.02,1.497,1.83,
3036,S6,T1,1.644,1.476,1.493,
3037,S6,T1,1.423,1.462,1.481,
3038,S6,T1,5.569,5.81,5.753,
3039,S6,T1,2.645,2.722,2.476,
3040,S6,T1,0.775,0.95,0.834,
3041,S6,T1,1.072,1.366,0.794,
3042,S6,T1,1.415,1.328,1.116,
3043,S6,T1,1.249,1.497,1.233,
3044,S6,T1,2.335,2.36,1.894,
3045,S6,T1,0.959,0.888,0.891,
3046,S6,T1,1.253,1.143,1.202,
3047,S6,T1,1.185,1.634,1.526,
3048,S6,T1,2.302,2.765,2.782,
3049,S6,T1,0.805,0.949,0.83,
3050,S6,T1,0.899,0.84,0.742,
3051,S6,T1,1.853,1.639,1.635,
3052,S6,T1,1.756,1.634,1.542,
3053,S6,T1,0.344,0.359,0.298,
3054,S6,T1,3.161,3.205,2.953,
3055,S6,T1,1.562,1.204,1.254,
3056,S6,T1,5.342,4.677,4.241,
3057,S6,T1,1.147,1.449,1.172,
3058,S6,T1,0.545,0.699,0.641,
3059,S6,T1,1.21,1.008,1.111,
3060,S6,T1,1.387,1.219,1.248,
3061,S6,T1,0.807,0.738,0.734,
3062,S6,T1,1.251,1.347,1.699,
3063,S6,T1,1.646,1.606,1.533,
3064,S6,T1,1.36,1.38,1.409,
3065,S6,T1,1.848,2.084,1.747,
3066,S6,T1,1.842,1.508,1.816,
3067,S6,T1,2.132,2.241,2.103,
3068,S6,T1,4.275,3.576,3.222,
3069,S6,T1,2.908,3.217,2.729,
3070,S6,T1,1.948,2.077,1.882,
3071,S6,T1,0.832,1.096,0.805,
3072,S6,T1,2.762,2.377,2.471,
3073,S6,T1,0.753,0.811,0.655,
3074,S6,T1,1.981,1.862,1.526,
3075,S6,T1,1.329,1.274,1.08,
3140,S6,T1,1.443,1.28,1.476,
3129,S6,T2,2.414,4.248,3.127,
3122,S6,T2,0.62,0.838,0.71,
3076,S6,T2,1.994,2.253,2.308,
3111,S6,T2,1.705,1.991,2.152,
3077,S6,T2,0.773,0.809,0.802,
3078,S6,T2,0.686,0.696,0.518,
3079,S6,T2,8.527,9.288,8.584,
3080,S6,T2,1.014,1.012,1.032,
3081,S6,T2,1.352,1.105,1.391,
3082,S6,T2,0.451,0.596,0.509,
3083,S6,T2,1.565,1.26,1.23,
3084,S6,T2,0.521,0.319,0.37,
3085,S6,T2,5.53,4.813,4.14,
3086,S6,T2,1.517,1.402,1.324,
3087,S6,T2,2.408,2.631,2.491,
3088,S6,T2,0.486,0.547,0.527,
3089,S6,T2,21.855,19.388,21.56,
3090,S6,T2,2.165,1.881,1.909,
3091,S6,T2,1.481,1.55,1.568,
3092,S6,T2,7.279,2.276,6.436,
3094,S6,T2,1.777,1.796,1.692,
3095,S6,T2,2.022,2.219,1.868,
3096,S6,T2,1.383,1.117,1.319,
3097,S6,T2,3.155,2.937,3.017,
3098,S6,T2,1.94,1.986,1.917,
3099,S6,T2,0.741,1.053,0.743,
3100,S6,T2,1.425,1.772,1.959,
3101,S6,T2,0.916,1.258,0.956,
3102,S6,T2,1.992,1.875,1.367,
3103,S6,T2,2.032,2.115,2.024,
3104,S6,T2,0.819,0.577,0.805,
3105,S6,T2,2.304,2.565,2.355,
3106,S6,T2,100,100,100,do not have the full colony on the pic
3107,S6,T2,0.838,1.033,0.836,
3108,S6,T2,1.098,0.972,0.919,
3109,S6,T2,1.787,2.067,1.727,
3110,S6,T2,1.642,1.304,1.481,
2481,S9,T2,2.123,1.934,1.666,
3112,S6,T2,2.52,2.414,2.133,
3113,S6,T2,2.538,1.837,2.303,
3114,S6,T2,1.998,2.275,1.832,
3115,S6,T2,1.459,1.28,1.296,
3116,S6,T2,0.328,0.443,0.343,
3117,S6,T2,0.976,0.868,0.817,
3118,S6,T2,1.459,1.25,1.133,
3119,S6,T2,0.655,0.823,0.535,
3120,S6,T2,0.734,0.676,0.732,
3121,S6,T2,0.821,0.708,0.701,
2609,S9,T2,0.668,0.802,0.818,
3123,S6,T2,1.685,1.547,1.609,
3124,S6,T2,1.784,1.557,1.215,
3125,S6,T2,2.174,2.142,1.863,
3126,S6,T2,1.094,0.953,1.068,
3127,S6,T2,3.132,3.037,3.206,
3128,S6,T2,0.426,0.358,0.367,
3130,S6,T2,0.836,1.021,1.076,
3131,S6,T2,1.672,1.708,1.07,
3132,S6,T2,2.15,1.729,1.564,
3133,S6,T2,1.18,1.251,0.993,
3134,S6,T2,0.76,0.896,0.829,
3135,S6,T2,1.191,1.174,1.163,
3136,S6,T2,1.037,0.729,0.991,
3137,S6,T2,1.244,1.197,1.232,
3138,S6,T2,0.891,1.011,1.028,
3141,S6,T2,1.999,1.819,1.891,
3142,S6,T2,1.414,1.425,1.286,
3143,S6,T2,0.427,0.424,0.339,
3144,S6,T2,0.978,0.877,1.003,
3145,S6,T2,1.678,1.95,1.352,
3146,S6,T2,1.033,0.891,1.024,
3147,S6,T2,7.503,5.784,7.356,
3148,S6,T2,1.193,1.042,0.983,
3149,S6,T2,0.596,0.825,0.744,
3167,S6,T2,3.163,2.127,1.972,
3171,S6,T2,2.207,2.484,2.237,
3150,S6,T3,15.91,17.182,15.66,
3151,S6,T3,2.376,2.243,2.055,
3152,S6,T3,3.011,3.055,2.685,
3153,S6,T3,1.615,1.84,1.813,
3155,S6,T3,1.11,1.133,0.988,
3156,S6,T3,100,100,100,do not have the full colony on the pic
3157,S6,T3,7.986,7.43,7.313,
3158,S6,T3,6.443,7.061,6.26,
3159,S6,T3,1.713,1.912,0.918,
3160,S6,T3,0.611,0.659,0.496,
3161,S6,T3,1.102,1.109,1.049,
3162,S6,T3,1.461,1.465,1.452,
3163,S6,T3,1.297,1.107,1.115,
3164,S6,T3,0.472,0.635,0.605,
3165,S6,T3,2.2,1.843,1.761,
3166,S6,T3,4.788,4.485,5.22,
3168,S6,T3,0.933,0.979,0.626,
3169,S6,T3,10.039,10.772,10.92,
3170,S6,T3,1.3,1.185,1.247,
3172,S6,T3,0.27,0.453,0.467,
3173,S6,T3,100,100,100,do not have the full colony on the pic
3174,S6,T3,1.421,1.54,1.47,
3175,S6,T3,1.494,1.573,1.175,
3176,S6,T3,4.392,4.558,4.639,
3177,S6,T3,1.268,1.608,1.267,
3178,S6,T3,1.725,1.489,1.287,
3179,S6,T3,1.153,1.471,1.529,
3180,S6,T3,100,100,100,do not have the full colony on the pic
3181,S6,T3,0.697,0.778,0.894,
3182,S6,T3,100,100,100,do not have the full colony on the pic
3183,S6,T3,1.038,1.002,0.982,
3184,S6,T3,2.297,1.52,1.743,
3185,S6,T3,1.233,1.259,1.158,
3186,S6,T3,1.517,1.576,1.587,
3187,S6,T3,3.936,3.427,3.911,
3188,S6,T3,1.405,1.64,1.245,
3189,S6,T3,0.679,0.863,0.789,
3190,S6,T3,27.917,17.617,24.087,
3191,S6,T3,2.281,2.157,1.799,
3192,S6,T3,0.882,1.094,0.776,
3193,S6,T3,4.804,5.041,5.266,
3194,S6,T3,4.827,5.541,4.687,
3195,S6,T3,4.422,3.577,4.453,
3196,S6,T3,4.289,4.335,4.137,
3197,S6,T3,100,100,100,do not have the full colony on the pic
3198,S6,T3,0.684,0.795,0.775,
3199,S6,T3,1.883,1.731,1.836,
3200,S6,T3,0.771,0.8,0.775,
3201,S6,T3,2.115,1.922,1.895,
3202,S6,T3,5.768,9.827,8.579,
3203,S6,T3,0.512,0.5,0.333,
3204,S6,T3,0.858,0.839,0.658,
3205,S6,T3,1.024,1.111,1.156,
3206,S6,T3,1.135,1.341,1.242,
3207,S6,T3,1.285,1.124,1.12,
3208,S6,T3,0.509,0.488,0.506,
3209,S6,T3,1.575,1.808,1.522,
3210,S6,T3,6.204,4.378,5.751,
3211,S6,T3,15.999,15.025,15.525,
3212,S6,T3,2.199,1.88,1.23,
3213,S6,T3,1.845,1.805,1.441,
3214,S6,T3,1.287,1.039,1.16,
3215,S6,T3,6.507,5.154,6.627,
3216,S6,T3,0.633,0.606,0.645,
3217,S6,T3,2.426,2.466,2.179,
3218,S6,T3,20.269,20.089,23.195,
3219,S6,T3,17.317,12.147,14.633,
3220,S6,T3,1.179,0.991,1.412,
3221,S6,T3,1.169,0.9,0.583,
3222,S6,T3,100,100,100,do not have the full colony on the pic
3223,S6,T3,0.737,0.485,0.646,
3224,S6,T3,6.356,5.452,5.792,
3228,S6,T3,1.308,1.327,1.233,
3230,S6,T3,1.609,1.64,1.642,
2822,S9,T1,8.334,6.692,7.589,
2823,S9,T1,3.089,3.298,3.13,
2824,S9,T1,3.316,3.936,3.459,
2825,S9,T1,0.335,0.465,0.47,
2826,S9,T1,8.777,8.069,7.789,
2827,S9,T1,11.597,11.715,12.125,
2828,S9,T1,8.11,8.118,6.093,
2829,S9,T1,0.807,0.602,0.716,
2830,S9,T1,1.318,1.064,1.005,
2836,S9,T1,4.745,4.6,3.91,
2837,S9,T1,0.711,0.743,0.822,
2838,S9,T1,1.626,1.715,1.531,
2839,S9,T1,0.72,0.964,0.902,
2840,S9,T1,1.4,1.765,1.439,
2841,S9,T1,16.84,13.732,16.255,
2842,S9,T1,1.327,1.507,1.51,
2843,S9,T1,2.896,2.681,2.618,
2844,S9,T1,1.22,1.031,1.161,
2845,S9,T1,1.865,1.904,1.515,
2846,S9,T1,2.917,3.172,2.719,
2847,S9,T1,2.038,2.048,2.15,
2848,S9,T1,2.944,2.99,2.901,
2849,S9,T1,0.713,0.896,0.676,
2850,S9,T1,8.649,8.57,8.56,
2851,S9,T1,0.51,0.579,0.46,
2852,S9,T1,1.83,1.669,1.755,
2853,S9,T1,1.081,1.052,1.073,
2854,S9,T1,6.753,6.882,6.669,
2856,S9,T1,1.832,1.873,2.201,
2857,S9,T1,1.21,1.445,1.312,
2858,S9,T1,1.656,1.328,1.165,
2859,S9,T1,3.237,3.411,2.929,
2860,S9,T1,1.52,1.441,1.472,
2861,S9,T1,2.14,2.203,1.802,
2862,S9,T1,2.14,2.203,1.802,
2863,S9,T1,2.31,1.871,2.104,
2864,S9,T1,1.134,0.844,1.082,
2865,S9,T1,2.451,2.422,2.056,
2866,S9,T1,2.242,2.188,1.894,
2867,S9,T1,1.146,1.159,0.903,
2868,S9,T1,1.14,0.944,1.013,
2869,S9,T1,1.916,1.52,1.387,
2870,S9,T1,0.984,1.07,0.879,
2871,S9,T1,7.359,6.61,7.142,
2872,S9,T1,4.42,5.129,4.735,
2873,S9,T1,2.452,2.44,1.835,
2874,S9,T1,0.937,1.034,0.879,
2875,S9,T1,7.175,6.703,6.075,
2876,S9,T1,9.911,9.29,7.461,
2877,S9,T1,2.356,2.128,1.872,
2878,S9,T1,5.401,5.421,4.68,
2879,S9,T1,1.583,1.622,1.645,
2880,S9,T1,1.631,1.289,1.468,
2881,S9,T1,1.376,1.637,1.763,
2882,S9,T1,3.401,3.056,3.214,
2883,S9,T1,1.823,1.813,1.871,
2884,S9,T1,3.898,4.038,4.795,
2885,S9,T1,1.138,1.151,1.038,
2886,S9,T1,6.72,6.523,6.839,
2887,S9,T1,1.156,1.353,1.073,
2888,S9,T1,2.844,3.148,2.741,
2889,S9,T1,2.7,1.847,1.893,
2890,S9,T1,1.21,1.354,1.307,
2891,S9,T1,2.376,2.047,2.086,
2892,S9,T1,2.041,1.55,1.098,
2893,S9,T1,6.016,6.28,4.613,
2894,S9,T1,0.94,2.05,1.86,
2895,S9,T1,1.724,1.411,1.774,
2896,S9,T1,1.057,1.164,1.031,
2897,S9,T1,11.521,10.025,9.707,
2898,S9,T1,1.743,1.765,1.785,
2899,S9,T1,1.236,1.25,1.163,
2900,S9,T1,1.05,1.127,1.118,
2901,S9,T1,4.82,4.343,4.088,
2902,S9,T1,3.586,3.378,3.488,
2903,S9,T1,0.58,0.871,0.736,
2904,S9,T1,1.14,0.92,0.896,
2905,S9,T1,11.6,9.647,8.979,
2906,S9,T1,2.305,2.42,2.629,
2907,S9,T1,4.899,4.757,4.193,
2908,S9,T1,21.118,18.856,19.233,
2909,S9,T1,1.091,1.194,1.218,
2910,S9,T1,3.04,3.092,2.907,
2936,S9,T1,4.913,5.366,4.575,
2456,S9,T2,0.869,1.07,0.774,
2457,S9,T2,5.76,5.02,4.918,
2458,S9,T2,0.567,0.79,0.625,
2461,S9,T2,0.619,0.994,0.578,
2462,S9,T2,2.537,2.44,2.228,
2463,S9,T2,2.001,1.702,1.644,
2464,S9,T2,1.114,1.457,1.391,
2465,S9,T2,0.733,0.854,0.549,
2466,S9,T2,1.445,2.407,2.074,
2467,S9,T2,1.256,1.213,1.297,
2468,S9,T2,5.688,5.678,4.406,
2469,S9,T2,1.476,1.129,1.2,
2470,S9,T2,0.621,0.82,0.723,
2471,S9,T2,0.837,1.049,1.078,
2472,S9,T2,0.994,0.931,0.974,
2473,S9,T2,1.847,1.788,1.879,
2474,S9,T2,2.696,3.087,2.773,
2476,S9,T2,0.958,1.163,0.964,
2477,S9,T2,0.611,0.536,0.508,
2478,S9,T2,0.991,1.258,1.269,
2479,S9,T2,1.311,1.142,1.314,
2480,S9,T2,3.388,3.048,3.049,
2482,S9,T2,0.878,0.851,0.757,
2483,S9,T2,1.606,1.696,1.483,
2484,S9,T2,0.792,0.755,0.699,
2485,S9,T2,0.506,0.523,0.498,
2486,S9,T2,1.147,1.103,1.174,
2487,S9,T2,1.461,1.594,1.433,
2488,S9,T2,1.478,1.508,1.234,
2489,S9,T2,2.04,2.546,2.613,
2490,S9,T2,1.663,1.608,1.437,
2491,S9,T2,1.302,1.202,1.053,
2492,S9,T2,1.314,1.398,0.935,
2493,S9,T2,1.35,1.448,1.239,
2494,S9,T2,2.814,2.239,2.541,
2495,S9,T2,2.919,4.226,3.534,
2496,S9,T2,1.662,2,1.52,
2497,S9,T2,1.318,1.427,1.454,
2498,S9,T2,3.016,2.91,2.639,
2499,S9,T2,0.853,0.851,0.866,
2500,S9,T2,4.693,4.352,4.567,
2501,S9,T2,3.007,3.007,1.798,
2502,S9,T2,0.698,0.717,0.775,
2506,S9,T2,1.316,0.973,1.684,
2602,S9,T2,2.742,2.507,1.745,
2603,S9,T2,2.687,2.641,2.46,
2604,S9,T2,2.387,2.227,2.414,
2605,S9,T2,5.459,5.406,4.765,
2606,S9,T2,4.386,4.331,3.766,
2607,S9,T2,1.386,1.684,1.163,
2608,S9,T2,1.598,1.597,1.75,
2610,S9,T2,1.512,1.262,1.527,
2611,S9,T2,0.751,0.686,0.81,
2612,S9,T2,0.748,0.759,0.583,
2613,S9,T2,2.377,1.609,2.265,
2614,S9,T2,1.175,1.244,1.029,
2615,S9,T2,3.69,4.076,3.1,
2616,S9,T2,3.734,3.32,3.454,
2617,S9,T2,0.798,0.722,1.048,
2618,S9,T2,0.527,0.754,0.64,
2831,S9,T2,2.409,2.021,1.978,
2832,S9,T2,10.628,11.729,11.67,
2833,S9,T2,1.634,1.557,1.626,
2834,S9,T2,1.698,1.974,2.007,
2855,S9,T2,0.566,0.951,0.723,
2956,S9,T2,3.313,2.947,3.081,
2957,S9,T2,2.947,3.433,3.25,
2958,S9,T2,1.359,1.931,1.5,
2959,S9,T2,1.74,2.291,1.235,
2960,S9,T2,2.335,1.946,1.609,
2961,S9,T2,3.07,2.136,2.693,
2962,S9,T2,1.69,1.156,1.61,
2967,S9,T2,2.704,2.824,1.931,
2972,S9,T2,34.236,31.186,32.011,
2991,S9,T2,2.103,2.628,2.097,
2992,S9,T2,3.232,3.043,2.833,
2993,S9,T2,1.973,2.642,2.748,
2994,S9,T2,1.028,1.453,1.138,
2995,S9,T2,2.592,2.211,2.325,
2996,S9,T2,1.627,1.869,1.801,
2997,S9,T2,1.272,1.319,1.443,
2998,S9,T2,1.448,0.968,1.073,
2999,S9,T2,5.853,5.4,5.133,
2971,S9,T3,8.082,8.565,7.54,
2974,S9,T3,2.368,2.75,2.593,
2978,S9,T3,1.018,1.504,0.906,
2980,S9,T3,4.415,3.321,5.334,
2981,S9,T3,2.094,2.576,2.191,
2982,S9,T3,1.464,1.365,0.756,
2983,S9,T3,6.919,7.764,8.412,
2984,S9,T3,0.725,0.849,0.647,
2985,S9,T3,1.24,1.336,1.239,
2986,S9,T3,3.984,3.833,3.863,
2987,S9,T3,1.496,1.715,1.228,
2988,S9,T3,1.858,2.398,1.404,
3016,S9,T3,1.059,0.811,1.066,
3236,S9,T3,1.929,2.153,2.163,
3237,S9,T3,1.533,1.633,1.686,
3241,S9,T3,1.636,1.629,1.254,
3242,S9,T3,1.782,1.552,1.566,
3243,S9,T3,1.55,1.62,1.798,
3244,S9,T3,0.675,0.925,0.865,
3245,S9,T3,0.959,1.061,1.083,
3246,S9,T3,1.811,1.513,1.883,
3247,S9,T3,1.566,0.897,1.296,
3248,S9,T3,0.589,0.602,0.6,
3249,S9,T3,4.244,3.55,3.926,
3250,S9,T3,2.507,2.944,1.999,
3251,S9,T3,1.418,1.676,1.651,
3252,S9,T3,1.121,1.605,1.52,
3293,S9,T3,1.722,1.658,1.422,
3294,S9,T3,1.402,1.472,1.26,
3295,S9,T3,1.688,1.531,1.406,
3296,S9,T3,0.984,1.268,1.279,
3297,S9,T3,1.615,1.065,1.371,
3298,S9,T3,1.447,1.289,1.678,
3299,S9,T3,1.458,1.913,2.223,
3300,S9,T3,1.628,1.61,1.031,
3301,S9,T3,0.98,1.08,0.958,
3302,S9,T3,1.551,1.373,1.558,
3303,S9,T3,0.95,0.829,0.898,
3304,S9,T3,0.728,0.725,0.744,
3305,S9,T3,1.908,1.791,1.294,
3306,S9,T3,1.316,1.27,1.391,
3307,S9,T3,4.631,4.797,4.37,
3308,S9,T3,0.931,0.973,0.989,
3309,S9,T3,1.942,3.039,2.616,
3310,S9,T3,0.806,0.993,0.949,
3311,S9,T3,0.738,0.875,0.838,
3312,S9,T3,1.843,1.74,1.693,
3313,S9,T3,0.655,0.607,0.619,
3314,S9,T3,1.52,1.884,2.202,
3315,S9,T3,0.965,1.136,1.153,
3316,S9,T3,2.231,2.44,2.222,
3317,S9,T3,1.713,1.799,1.65,
3318,S9,T3,2.454,2.45,2.547,
3319,S9,T3,1.24,1.156,1.279,
3320,S9,T3,1.259,1.032,1.185,
3321,S9,T3,1.384,1.2,1.314,
3322,S9,T3,0.942,1.259,1.328,
3323,S9,T3,0.946,0.855,0.988,
3324,S9,T3,0.92,0.615,0.407,
3326,S9,T3,0.601,0.615,0.614,
3327,S9,T3,1.004,0.783,1.139,
3328,S9,T3,1.183,1.854,1.589,
3329,S9,T3,1.51,1.62,1.591,
3330,S9,T3,0.799,0.586,0.649,
3331,S9,T3,0.73,0.671,0.68,
3333,S9,T3,3.154,2.648,2.155,
3336,S9,T3,1.769,2.042,1.685,
3337,S9,T3,0.97,1.005,0.98,
3338,S9,T3,3.346,2.955,3.183,
3339,S9,T3,3.714,3.124,2.309,
3340,S9,T3,4.859,3.979,3.436,
3341,S9,T3,2.408,2.475,1.769,
3342,S9,T3,2.344,2.673,2.359,
3343,S9,T3,0.978,0.929,0.974,
3344,S9,T3,0.775,0.981,0.597,
3345,S9,T3,1.418,1.144,1.155,
3346,S9,T3,1.52,1.283,1.51,
3347,S9,T3,5.067,4.651,4.321,
3348,S9,T3,2.092,1.907,1.717,
3349,S9,T3,2.697,2.399,2.729,
3350,S9,T3,0.698,0.608,0.66,
2979,S9,T3,2.781,3.164,1.689,